utc_datetime,standard_symbol,country,name,average_price
2023-07-05T00:00,SEHK:09992,Hong Kong,Pop Mart Intl,18.399999618530273
2023-07-10T00:00,SEHK:09992,Hong Kong,Pop Mart Intl,17.540000438690186
2023-02-02T00:00,SEHK:09992,Hong Kong,Pop Mart Intl,26.112499713897705
2023-07-31T00:00,SEHK:09992,Hong Kong,Pop Mart Intl,22.187500476837155
2023-08-17T00:00,SEHK:09992,Hong Kong,Pop Mart Intl,21.125
2023-11-17T00:00,SEHK:09992,Hong Kong,Pop Mart Intl,22.925000190734863
2023-04-18T00:00,SEHK:09992,Hong Kong,Pop Mart Intl,19.707499980926514
2023-09-12T00:00,SEHK:09992,Hong Kong,Pop Mart Intl,24.26250076293945
2023-01-26T00:00,SEHK:09992,Hong Kong,Pop Mart Intl,27.237500190734863
2023-09-15T00:00,SEHK:09992,Hong Kong,Pop Mart Intl,23.67500066757202
2023-10-25T00:00,SEHK:09992,Hong Kong,Pop Mart Intl,23.73750019073486
2023-08-09T00:00,SEHK:09992,Hong Kong,Pop Mart Intl,21.387500286102295
2023-05-12T00:00,SEHK:09992,Hong Kong,Pop Mart Intl,19.1899995803833
2023-03-10T00:00,SEHK:09992,Hong Kong,Pop Mart Intl,19.18499994277954
2023-03-20T00:00,SEHK:09992,Hong Kong,Pop Mart Intl,18.635000228881836
2023-02-15T00:00,SEHK:09992,Hong Kong,Pop Mart Intl,22.987499713897705
2023-02-14T00:00,SEHK:09992,Hong Kong,Pop Mart Intl,23.399999618530273
2023-09-25T00:00,SEHK:09992,Hong Kong,Pop Mart Intl,23.9375
2023-05-11T00:00,SEHK:09992,Hong Kong,Pop Mart Intl,19.174999713897705
2023-04-06T00:00,SEHK:09992,Hong Kong,Pop Mart Intl,19.72749948501587
2023-01-16T00:00,SEHK:09992,Hong Kong,Pop Mart Intl,25.237500190734863
2023-08-22T00:00,SEHK:09992,Hong Kong,Pop Mart Intl,21.687500476837158
2023-05-04T00:00,SEHK:09992,Hong Kong,Pop Mart Intl,18.69500017166138
2023-07-13T00:00,SEHK:09992,Hong Kong,Pop Mart Intl,19.897500038146973
2023-07-18T00:00,SEHK:09992,Hong Kong,Pop Mart Intl,19.50999927520752
2023-12-13T00:00,SEHK:09992,Hong Kong,Pop Mart Intl,20.302499771118164
2023-11-03T00:00,SEHK:09992,Hong Kong,Pop Mart Intl,22.312499523162842
2023-02-16T00:00,SEHK:09992,Hong Kong,Pop Mart Intl,22.687499523162842
2023-03-29T00:00,SEHK:09992,Hong Kong,Pop Mart Intl,20.270000457763672
2023-08-29T00:00,SEHK:09992,Hong Kong,Pop Mart Intl,25.33750057220459
2023-05-08T00:00,SEHK:09992,Hong Kong,Pop Mart Intl,19.714999675750732
2023-03-15T00:00,SEHK:09992,Hong Kong,Pop Mart Intl,19.380000114440918
2023-06-26T00:00,SEHK:09992,Hong Kong,Pop Mart Intl,17.304999828338623
2023-11-21T00:00,SEHK:09992,Hong Kong,Pop Mart Intl,24.050000190734863
2023-03-30T00:00,SEHK:09992,Hong Kong,Pop Mart Intl,20.880000591278076
2023-12-05T00:00,SEHK:09992,Hong Kong,Pop Mart Intl,21.550000190734863
2023-04-21T00:00,SEHK:09992,Hong Kong,Pop Mart Intl,18.845000267028812
2023-01-20T00:00,SEHK:09992,Hong Kong,Pop Mart Intl,26.23750019073486
2023-06-09T00:00,SEHK:09992,Hong Kong,Pop Mart Intl,16.804999828338623
2023-06-28T00:00,SEHK:09992,Hong Kong,Pop Mart Intl,17.829999446868893
2023-09-06T00:00,SEHK:09992,Hong Kong,Pop Mart Intl,25.350000381469727
2023-02-13T00:00,SEHK:09992,Hong Kong,Pop Mart Intl,22.812499999999996
2023-05-25T00:00,SEHK:09992,Hong Kong,Pop Mart Intl,17.085000038146976
2023-06-14T00:00,SEHK:09992,Hong Kong,Pop Mart Intl,17.450000286102295
2023-10-16T00:00,SEHK:09992,Hong Kong,Pop Mart Intl,24.212499618530273
2023-11-07T00:00,SEHK:09992,Hong Kong,Pop Mart Intl,23.52500009536743
2023-11-02T00:00,SEHK:09992,Hong Kong,Pop Mart Intl,21.84999990463257
2023-10-06T00:00,SEHK:09992,Hong Kong,Pop Mart Intl,22.825000286102295
2023-05-23T00:00,SEHK:09992,Hong Kong,Pop Mart Intl,18.029999732971195
2023-03-22T00:00,SEHK:09992,Hong Kong,Pop Mart Intl,19.93499994277954
2023-12-15T00:00,SEHK:09992,Hong Kong,Pop Mart Intl,20.59999942779541
2023-07-12T00:00,SEHK:09992,Hong Kong,Pop Mart Intl,19.285000324249268
2023-05-19T00:00,SEHK:09992,Hong Kong,Pop Mart Intl,17.97499990463257
2023-05-09T00:00,SEHK:09992,Hong Kong,Pop Mart Intl,19.60249948501587
2023-03-27T00:00,SEHK:09992,Hong Kong,Pop Mart Intl,19.71500015258789
2023-10-11T00:00,SEHK:09992,Hong Kong,Pop Mart Intl,23.65000009536743
2023-03-03T00:00,SEHK:09992,Hong Kong,Pop Mart Intl,22.40000009536743
2023-04-13T00:00,SEHK:09992,Hong Kong,Pop Mart Intl,19.37499952316284
2023-03-01T00:00,SEHK:09992,Hong Kong,Pop Mart Intl,23.174999713897705
2023-08-08T00:00,SEHK:09992,Hong Kong,Pop Mart Intl,21.050000190734863
2023-07-26T00:00,SEHK:09992,Hong Kong,Pop Mart Intl,19.30999994277954
2023-11-10T00:00,SEHK:09992,Hong Kong,Pop Mart Intl,22.75
2023-07-03T00:00,SEHK:09992,Hong Kong,Pop Mart Intl,17.950000286102295
2023-07-04T00:00,SEHK:09992,Hong Kong,Pop Mart Intl,18.31500005722046
2023-03-17T00:00,SEHK:09992,Hong Kong,Pop Mart Intl,19.259999752044678
2023-11-20T00:00,SEHK:09992,Hong Kong,Pop Mart Intl,22.987499713897705
2023-07-27T00:00,SEHK:09992,Hong Kong,Pop Mart Intl,19.590000152587894
2023-06-06T00:00,SEHK:09992,Hong Kong,Pop Mart Intl,17.429999828338623
2023-09-29T00:00,SEHK:09992,Hong Kong,Pop Mart Intl,22.974999904632565
2023-02-20T00:00,SEHK:09992,Hong Kong,Pop Mart Intl,22.299999713897705
2023-09-20T00:00,SEHK:09992,Hong Kong,Pop Mart Intl,23.91249990463257
2023-10-05T00:00,SEHK:09992,Hong Kong,Pop Mart Intl,22.612500190734863
2023-12-12T00:00,SEHK:09992,Hong Kong,Pop Mart Intl,20.549999713897705
2023-08-24T00:00,SEHK:09992,Hong Kong,Pop Mart Intl,24.25
2023-02-27T00:00,SEHK:09992,Hong Kong,Pop Mart Intl,21.549999713897705
2023-06-01T00:00,SEHK:09992,Hong Kong,Pop Mart Intl,17.47000026702881
2023-02-22T00:00,SEHK:09992,Hong Kong,Pop Mart Intl,21.32499933242798
2023-05-18T00:00,SEHK:09992,Hong Kong,Pop Mart Intl,18.109999656677246
2023-08-16T00:00,SEHK:09992,Hong Kong,Pop Mart Intl,20.625
2023-10-26T00:00,SEHK:09992,Hong Kong,Pop Mart Intl,23.0625
2023-10-17T00:00,SEHK:09992,Hong Kong,Pop Mart Intl,24.09999990463257
2023-04-17T00:00,SEHK:09992,Hong Kong,Pop Mart Intl,19.977499961853027
2023-07-14T00:00,SEHK:09992,Hong Kong,Pop Mart Intl,19.809999942779537
2023-11-24T00:00,SEHK:09992,Hong Kong,Pop Mart Intl,23.9375
2023-10-12T00:00,SEHK:09992,Hong Kong,Pop Mart Intl,24.125
2023-05-15T00:00,SEHK:09992,Hong Kong,Pop Mart Intl,19.25
2023-08-10T00:00,SEHK:09992,Hong Kong,Pop Mart Intl,21.550000190734867
2023-06-19T00:00,SEHK:09992,Hong Kong,Pop Mart Intl,18.374999999999996
2023-01-17T00:00,SEHK:09992,Hong Kong,Pop Mart Intl,24.97499942779541
2023-09-28T00:00,SEHK:09992,Hong Kong,Pop Mart Intl,22.800000190734863
2023-12-01T00:00,SEHK:09992,Hong Kong,Pop Mart Intl,22.92500066757202
2023-02-06T00:00,SEHK:09992,Hong Kong,Pop Mart Intl,24.0125002861023
2023-04-25T00:00,SEHK:09992,Hong Kong,Pop Mart Intl,17.634999752044674
2023-12-28T00:00,SEHK:09992,Hong Kong,Pop Mart Intl,19.675000190734863
2023-10-03T00:00,SEHK:09992,Hong Kong,Pop Mart Intl,23.03749990463257
2023-10-30T00:00,SEHK:09992,Hong Kong,Pop Mart Intl,22.72499990463257
2023-04-12T00:00,SEHK:09992,Hong Kong,Pop Mart Intl,19.789999961853027
2023-01-18T00:00,SEHK:09992,Hong Kong,Pop Mart Intl,25.262499809265137
2023-10-27T00:00,SEHK:09992,Hong Kong,Pop Mart Intl,22.97499990463257
2023-05-31T00:00,SEHK:09992,Hong Kong,Pop Mart Intl,16.780000686645508
2023-05-30T00:00,SEHK:09992,Hong Kong,Pop Mart Intl,16.490000247955322
2023-03-24T00:00,SEHK:09992,Hong Kong,Pop Mart Intl,20.0649995803833
2023-03-07T00:00,SEHK:09992,Hong Kong,Pop Mart Intl,21.224999904632565
2023-11-27T00:00,SEHK:09992,Hong Kong,Pop Mart Intl,23.912500381469723
2023-10-19T00:00,SEHK:09992,Hong Kong,Pop Mart Intl,23.387500286102295
2023-11-29T00:00,SEHK:09992,Hong Kong,Pop Mart Intl,23.737500190734863
2023-08-30T00:00,SEHK:09992,Hong Kong,Pop Mart Intl,25.762499809265137
2023-12-06T00:00,SEHK:09992,Hong Kong,Pop Mart Intl,21.1875
2023-04-03T00:00,SEHK:09992,Hong Kong,Pop Mart Intl,20.832500457763672
2023-10-18T00:00,SEHK:09992,Hong Kong,Pop Mart Intl,23.862500190734867
2023-01-12T00:00,SEHK:09992,Hong Kong,Pop Mart Intl,24.350000381469727
2023-02-03T00:00,SEHK:09992,Hong Kong,Pop Mart Intl,25.287500381469723
2023-06-30T00:00,SEHK:09992,Hong Kong,Pop Mart Intl,17.485000133514404
2023-10-09T00:00,SEHK:09992,Hong Kong,Pop Mart Intl,23.200000286102295
2023-05-17T00:00,SEHK:09992,Hong Kong,Pop Mart Intl,18.449999809265137
2023-01-05T00:00,SEHK:09992,Hong Kong,Pop Mart Intl,22.550000190734863
2023-12-11T00:00,SEHK:09992,Hong Kong,Pop Mart Intl,20.03499984741211
2023-03-21T00:00,SEHK:09992,Hong Kong,Pop Mart Intl,18.85499954223633
2023-12-19T00:00,SEHK:09992,Hong Kong,Pop Mart Intl,20.19499969482422
2023-08-01T00:00,SEHK:09992,Hong Kong,Pop Mart Intl,21.887499809265137
2023-11-15T00:00,SEHK:09992,Hong Kong,Pop Mart Intl,23.412500381469727
2023-01-09T00:00,SEHK:09992,Hong Kong,Pop Mart Intl,24.699999809265137
2023-09-13T00:00,SEHK:09992,Hong Kong,Pop Mart Intl,23.77500009536743
2023-03-28T00:00,SEHK:09992,Hong Kong,Pop Mart Intl,20.057499885559082
2023-07-07T00:00,SEHK:09992,Hong Kong,Pop Mart Intl,17.365000247955322
2023-02-07T00:00,SEHK:09992,Hong Kong,Pop Mart Intl,24.125
2023-09-27T00:00,SEHK:09992,Hong Kong,Pop Mart Intl,23.02500009536743
2023-06-05T00:00,SEHK:09992,Hong Kong,Pop Mart Intl,18.06999969482422
2023-10-20T00:00,SEHK:09992,Hong Kong,Pop Mart Intl,22.612500190734863
2023-09-14T00:00,SEHK:09992,Hong Kong,Pop Mart Intl,23.59999990463257
2023-03-23T00:00,SEHK:09992,Hong Kong,Pop Mart Intl,20.01250028610229
2023-12-07T00:00,SEHK:09992,Hong Kong,Pop Mart Intl,20.75
2023-06-21T00:00,SEHK:09992,Hong Kong,Pop Mart Intl,17.54500007629394
2023-10-24T00:00,SEHK:09992,Hong Kong,Pop Mart Intl,22.662500381469727
2023-03-02T00:00,SEHK:09992,Hong Kong,Pop Mart Intl,23.087499618530273
2023-02-17T00:00,SEHK:09992,Hong Kong,Pop Mart Intl,22.374999523162842
2023-06-23T00:00,SEHK:09992,Hong Kong,Pop Mart Intl,17.140000343322754
2023-06-20T00:00,SEHK:09992,Hong Kong,Pop Mart Intl,17.945000171661377
2023-08-23T00:00,SEHK:09992,Hong Kong,Pop Mart Intl,22.699999809265137
2023-10-31T00:00,SEHK:09992,Hong Kong,Pop Mart Intl,22.112500190734867
2023-08-03T00:00,SEHK:09992,Hong Kong,Pop Mart Intl,20.987500190734863
2023-01-30T00:00,SEHK:09992,Hong Kong,Pop Mart Intl,26.199999809265137
2023-03-08T00:00,SEHK:09992,Hong Kong,Pop Mart Intl,20.23499965667725
2023-07-19T00:00,SEHK:09992,Hong Kong,Pop Mart Intl,19.09999990463257
2023-12-04T00:00,SEHK:09992,Hong Kong,Pop Mart Intl,22.59999990463257
2023-08-25T00:00,SEHK:09992,Hong Kong,Pop Mart Intl,24.612499713897705
2023-01-03T00:00,SEHK:09992,Hong Kong,Pop Mart Intl,20.61500024795532
2023-08-28T00:00,SEHK:09992,Hong Kong,Pop Mart Intl,25.21250009536743
2023-07-21T00:00,SEHK:09992,Hong Kong,Pop Mart Intl,19.5
2023-08-31T00:00,SEHK:09992,Hong Kong,Pop Mart Intl,25.71250009536743
2023-09-19T00:00,SEHK:09992,Hong Kong,Pop Mart Intl,24.3125
2023-06-07T00:00,SEHK:09992,Hong Kong,Pop Mart Intl,17.47000026702881
2023-12-27T00:00,SEHK:09992,Hong Kong,Pop Mart Intl,19.170000553131104
2023-06-15T00:00,SEHK:09992,Hong Kong,Pop Mart Intl,17.70000028610229
2023-05-10T00:00,SEHK:09992,Hong Kong,Pop Mart Intl,19.134999752044678
2023-05-05T00:00,SEHK:09992,Hong Kong,Pop Mart Intl,19.59499979019165
2023-03-14T00:00,SEHK:09992,Hong Kong,Pop Mart Intl,19.667500495910645
2023-11-06T00:00,SEHK:09992,Hong Kong,Pop Mart Intl,23.46250009536743
2023-11-22T00:00,SEHK:09992,Hong Kong,Pop Mart Intl,23.72499990463257
2023-11-28T00:00,SEHK:09992,Hong Kong,Pop Mart Intl,24.112499713897705
2023-01-31T00:00,SEHK:09992,Hong Kong,Pop Mart Intl,25.387500286102295
2023-06-16T00:00,SEHK:09992,Hong Kong,Pop Mart Intl,18.28999948501587
2023-04-27T00:00,SEHK:09992,Hong Kong,Pop Mart Intl,18.375
2023-12-18T00:00,SEHK:09992,Hong Kong,Pop Mart Intl,20.4375
2023-04-20T00:00,SEHK:09992,Hong Kong,Pop Mart Intl,19.762499809265137
2023-11-09T00:00,SEHK:09992,Hong Kong,Pop Mart Intl,23.362500190734863
2023-10-10T00:00,SEHK:09992,Hong Kong,Pop Mart Intl,23.83750009536743
2023-02-24T00:00,SEHK:09992,Hong Kong,Pop Mart Intl,21.875
2023-08-02T00:00,SEHK:09992,Hong Kong,Pop Mart Intl,21.40000009536743
2023-12-20T00:00,SEHK:09992,Hong Kong,Pop Mart Intl,20.112499713897705
2023-11-01T00:00,SEHK:09992,Hong Kong,Pop Mart Intl,21.512499809265137
2023-06-08T00:00,SEHK:09992,Hong Kong,Pop Mart Intl,17.04500007629395
2023-12-14T00:00,SEHK:09992,Hong Kong,Pop Mart Intl,20.399999618530273
2023-09-07T00:00,SEHK:09992,Hong Kong,Pop Mart Intl,24.862499713897705
2023-01-27T00:00,SEHK:09992,Hong Kong,Pop Mart Intl,27.33750009536743
2023-02-10T00:00,SEHK:09992,Hong Kong,Pop Mart Intl,23.65000009536743
2023-06-13T00:00,SEHK:09992,Hong Kong,Pop Mart Intl,17.119999885559082
2023-07-11T00:00,SEHK:09992,Hong Kong,Pop Mart Intl,17.80500030517578
2023-01-11T00:00,SEHK:09992,Hong Kong,Pop Mart Intl,25.1875
2023-01-13T00:00,SEHK:09992,Hong Kong,Pop Mart Intl,24.375000000000004
2023-04-24T00:00,SEHK:09992,Hong Kong,Pop Mart Intl,17.99500036239624
2023-08-18T00:00,SEHK:09992,Hong Kong,Pop Mart Intl,21.500000476837158
2023-06-27T00:00,SEHK:09992,Hong Kong,Pop Mart Intl,17.714999675750732
2023-02-21T00:00,SEHK:09992,Hong Kong,Pop Mart Intl,22.21250009536743
2023-01-06T00:00,SEHK:09992,Hong Kong,Pop Mart Intl,23.137500286102295
2023-06-29T00:00,SEHK:09992,Hong Kong,Pop Mart Intl,17.59500026702881
2023-04-28T00:00,SEHK:09992,Hong Kong,Pop Mart Intl,18.750000476837158
2023-05-16T00:00,SEHK:09992,Hong Kong,Pop Mart Intl,19.320000171661377
2023-09-11T00:00,SEHK:09992,Hong Kong,Pop Mart Intl,24.66249990463257
2023-03-13T00:00,SEHK:09992,Hong Kong,Pop Mart Intl,19.602499961853027
2023-09-21T00:00,SEHK:09992,Hong Kong,Pop Mart Intl,23.65000057220459
2023-08-04T00:00,SEHK:09992,Hong Kong,Pop Mart Intl,21.65000009536743
2023-11-13T00:00,SEHK:09992,Hong Kong,Pop Mart Intl,23.087500095367428
2023-05-24T00:00,SEHK:09992,Hong Kong,Pop Mart Intl,17.554999828338623
2023-07-06T00:00,SEHK:09992,Hong Kong,Pop Mart Intl,18.044999599456787
2023-04-19T00:00,SEHK:09992,Hong Kong,Pop Mart Intl,19.074999809265133
2023-12-08T00:00,SEHK:09992,Hong Kong,Pop Mart Intl,20.335000038146973
2023-10-13T00:00,SEHK:09992,Hong Kong,Pop Mart Intl,24.324999809265137
2023-05-02T00:00,SEHK:09992,Hong Kong,Pop Mart Intl,18.96500062942505
2023-04-26T00:00,SEHK:09992,Hong Kong,Pop Mart Intl,17.985000133514404
2023-05-22T00:00,SEHK:09992,Hong Kong,Pop Mart Intl,18.330000400543213
2023-11-23T00:00,SEHK:09992,Hong Kong,Pop Mart Intl,24.012500286102295
2023-07-24T00:00,SEHK:09992,Hong Kong,Pop Mart Intl,19.165000438690186
2023-11-30T00:00,SEHK:09992,Hong Kong,Pop Mart Intl,23.22499990463257
2023-03-09T00:00,SEHK:09992,Hong Kong,Pop Mart Intl,20.110000610351562
2023-08-14T00:00,SEHK:09992,Hong Kong,Pop Mart Intl,20.950000286102295
2023-03-16T00:00,SEHK:09992,Hong Kong,Pop Mart Intl,19.099999427795414
2023-02-28T00:00,SEHK:09992,Hong Kong,Pop Mart Intl,21.65000009536743
2023-05-29T00:00,SEHK:09992,Hong Kong,Pop Mart Intl,16.59000015258789
2023-12-29T00:00,SEHK:09992,Hong Kong,Pop Mart Intl,20.27999973297119
2023-01-10T00:00,SEHK:09992,Hong Kong,Pop Mart Intl,25.09999990463257
2023-05-03T00:00,SEHK:09992,Hong Kong,Pop Mart Intl,18.490000247955322
2023-08-11T00:00,SEHK:09992,Hong Kong,Pop Mart Intl,21.524999618530277
2023-04-11T00:00,SEHK:09992,Hong Kong,Pop Mart Intl,19.78749990463257
2023-11-16T00:00,SEHK:09992,Hong Kong,Pop Mart Intl,23.3125
2023-07-25T00:00,SEHK:09992,Hong Kong,Pop Mart Intl,19.677499771118164
2023-09-04T00:00,SEHK:09992,Hong Kong,Pop Mart Intl,25.97500038146973
2023-10-04T00:00,SEHK:09992,Hong Kong,Pop Mart Intl,22.675000190734863
2023-01-04T00:00,SEHK:09992,Hong Kong,Pop Mart Intl,21.78750038146973
2023-08-07T00:00,SEHK:09992,Hong Kong,Pop Mart Intl,21.575000286102295
2023-11-14T00:00,SEHK:09992,Hong Kong,Pop Mart Intl,23.22499990463257
2023-01-19T00:00,SEHK:09992,Hong Kong,Pop Mart Intl,25.900000095367435
2023-02-09T00:00,SEHK:09992,Hong Kong,Pop Mart Intl,23.09999990463257
2023-09-18T00:00,SEHK:09992,Hong Kong,Pop Mart Intl,23.97499990463257
2023-08-15T00:00,SEHK:09992,Hong Kong,Pop Mart Intl,21.01250076293945
2023-02-23T00:00,SEHK:09992,Hong Kong,Pop Mart Intl,21.875000000000004
2023-02-08T00:00,SEHK:09992,Hong Kong,Pop Mart Intl,23.47499990463257
2023-06-12T00:00,SEHK:09992,Hong Kong,Pop Mart Intl,16.880000114440914
2023-09-26T00:00,SEHK:09992,Hong Kong,Pop Mart Intl,23.499999523162845
2023-07-28T00:00,SEHK:09992,Hong Kong,Pop Mart Intl,20.62000036239624
2023-07-20T00:00,SEHK:09992,Hong Kong,Pop Mart Intl,19.135000228881836
2023-12-21T00:00,SEHK:09992,Hong Kong,Pop Mart Intl,19.864999771118164
2023-06-02T00:00,SEHK:09992,Hong Kong,Pop Mart Intl,17.975000381469727
2023-03-31T00:00,SEHK:09992,Hong Kong,Pop Mart Intl,21.725000381469727
2023-02-01T00:00,SEHK:09992,Hong Kong,Pop Mart Intl,25.324999809265137
2023-03-06T00:00,SEHK:09992,Hong Kong,Pop Mart Intl,21.887500286102295
2023-12-22T00:00,SEHK:09992,Hong Kong,Pop Mart Intl,19.585000038146973
2023-11-08T00:00,SEHK:09992,Hong Kong,Pop Mart Intl,23.52500009536743
2023-04-04T00:00,SEHK:09992,Hong Kong,Pop Mart Intl,19.96250057220459
2023-04-14T00:00,SEHK:09992,Hong Kong,Pop Mart Intl,19.839999198913574
2023-08-21T00:00,SEHK:09992,Hong Kong,Pop Mart Intl,21.15000009536743
2023-09-22T00:00,SEHK:09992,Hong Kong,Pop Mart Intl,23.91249990463257
2023-09-05T00:00,SEHK:09992,Hong Kong,Pop Mart Intl,25.487500667572018
2021-04-09T00:00,SEHK:09992,Hong Kong,Pop Mart Intl,61.02499961853027
2021-08-27T00:00,SEHK:09992,Hong Kong,Pop Mart Intl,54.67500019073486
2021-10-07T00:00,SEHK:09992,Hong Kong,Pop Mart Intl,54.32500076293945
2021-11-16T00:00,SEHK:09992,Hong Kong,Pop Mart Intl,60.42500019073486
2021-09-27T00:00,SEHK:09992,Hong Kong,Pop Mart Intl,55.83749961853027
2021-06-11T00:00,SEHK:09992,Hong Kong,Pop Mart Intl,67.23749923706055
2021-10-22T00:00,SEHK:09992,Hong Kong,Pop Mart Intl,50.312499046325684
2021-05-04T00:00,SEHK:09992,Hong Kong,Pop Mart Intl,64.36249923706055
2021-06-16T00:00,SEHK:09992,Hong Kong,Pop Mart Intl,63.22500133514404
2021-10-11T00:00,SEHK:09992,Hong Kong,Pop Mart Intl,54.25
2021-04-19T00:00,SEHK:09992,Hong Kong,Pop Mart Intl,67.53750038146973
2021-07-02T00:00,SEHK:09992,Hong Kong,Pop Mart Intl,74.4375
2021-04-12T00:00,SEHK:09992,Hong Kong,Pop Mart Intl,58.499999046325684
2021-07-05T00:00,SEHK:09992,Hong Kong,Pop Mart Intl,73.21249961853027
2021-02-23T00:00,SEHK:09992,Hong Kong,Pop Mart Intl,95.36249923706055
2021-01-13T00:00,SEHK:09992,Hong Kong,Pop Mart Intl,75.81249809265137
2021-11-23T00:00,SEHK:09992,Hong Kong,Pop Mart Intl,55.46249961853027
2021-06-22T00:00,SEHK:09992,Hong Kong,Pop Mart Intl,65.3125
2021-07-23T00:00,SEHK:09992,Hong Kong,Pop Mart Intl,66.5374984741211
2021-10-21T00:00,SEHK:09992,Hong Kong,Pop Mart Intl,52.11250019073486
2021-11-18T00:00,SEHK:09992,Hong Kong,Pop Mart Intl,56.66249942779541
2021-08-30T00:00,SEHK:09992,Hong Kong,Pop Mart Intl,55.88750076293945
2021-01-07T00:00,SEHK:09992,Hong Kong,Pop Mart Intl,78.7249984741211
2021-08-20T00:00,SEHK:09992,Hong Kong,Pop Mart Intl,51.83749961853027
2021-03-04T00:00,SEHK:09992,Hong Kong,Pop Mart Intl,87.66250038146973
2021-12-01T00:00,SEHK:09992,Hong Kong,Pop Mart Intl,54.19999885559082
2021-03-02T00:00,SEHK:09992,Hong Kong,Pop Mart Intl,95.48750114440918
2021-03-19T00:00,SEHK:09992,Hong Kong,Pop Mart Intl,68.63750076293945
2021-04-08T00:00,SEHK:09992,Hong Kong,Pop Mart Intl,62.11250019073486
2021-04-14T00:00,SEHK:09992,Hong Kong,Pop Mart Intl,60.875
2021-09-07T00:00,SEHK:09992,Hong Kong,Pop Mart Intl,61.07500076293945
2021-07-21T00:00,SEHK:09992,Hong Kong,Pop Mart Intl,69.29999923706055
2021-04-23T00:00,SEHK:09992,Hong Kong,Pop Mart Intl,67.9625015258789
2021-09-02T00:00,SEHK:09992,Hong Kong,Pop Mart Intl,59.16250038146973
2021-06-30T00:00,SEHK:09992,Hong Kong,Pop Mart Intl,75.88749885559082
2021-11-01T00:00,SEHK:09992,Hong Kong,Pop Mart Intl,47.07499980926514
2021-08-26T00:00,SEHK:09992,Hong Kong,Pop Mart Intl,57.437500953674316
2021-12-21T00:00,SEHK:09992,Hong Kong,Pop Mart Intl,45.750000953674316
2021-10-04T00:00,SEHK:09992,Hong Kong,Pop Mart Intl,53.67500019073486
2021-03-03T00:00,SEHK:09992,Hong Kong,Pop Mart Intl,93.16250038146973
2021-09-06T00:00,SEHK:09992,Hong Kong,Pop Mart Intl,59.54999923706055
2021-09-10T00:00,SEHK:09992,Hong Kong,Pop Mart Intl,59.08750057220459
2021-06-07T00:00,SEHK:09992,Hong Kong,Pop Mart Intl,72.75
2021-08-09T00:00,SEHK:09992,Hong Kong,Pop Mart Intl,56.14999961853027
2021-12-06T00:00,SEHK:09992,Hong Kong,Pop Mart Intl,48.92500019073486
2021-08-04T00:00,SEHK:09992,Hong Kong,Pop Mart Intl,53.27499961853027
2021-02-19T00:00,SEHK:09992,Hong Kong,Pop Mart Intl,97.32500076293945
2021-04-29T00:00,SEHK:09992,Hong Kong,Pop Mart Intl,64.92500114440918
2021-02-17T00:00,SEHK:09992,Hong Kong,Pop Mart Intl,98.74999809265137
2021-03-29T00:00,SEHK:09992,Hong Kong,Pop Mart Intl,55.91250038146973
2021-09-14T00:00,SEHK:09992,Hong Kong,Pop Mart Intl,60.10000038146973
2021-09-29T00:00,SEHK:09992,Hong Kong,Pop Mart Intl,53.33749961853027
2021-11-04T00:00,SEHK:09992,Hong Kong,Pop Mart Intl,55.88749980926514
2021-07-30T00:00,SEHK:09992,Hong Kong,Pop Mart Intl,57.30000019073486
2021-12-24T00:00,SEHK:09992,Hong Kong,Pop Mart Intl,45.84999942779541
2021-09-17T00:00,SEHK:09992,Hong Kong,Pop Mart Intl,59.25
2021-09-28T00:00,SEHK:09992,Hong Kong,Pop Mart Intl,55.42500019073486
2021-02-05T00:00,SEHK:09992,Hong Kong,Pop Mart Intl,80.0
2021-09-09T00:00,SEHK:09992,Hong Kong,Pop Mart Intl,59.07499980926514
2021-09-03T00:00,SEHK:09992,Hong Kong,Pop Mart Intl,59.36249923706055
2021-10-20T00:00,SEHK:09992,Hong Kong,Pop Mart Intl,54.01249885559082
2021-10-06T00:00,SEHK:09992,Hong Kong,Pop Mart Intl,53.39999961853027
2021-01-08T00:00,SEHK:09992,Hong Kong,Pop Mart Intl,78.47500228881836
2021-05-26T00:00,SEHK:09992,Hong Kong,Pop Mart Intl,65.92499923706055
2021-08-25T00:00,SEHK:09992,Hong Kong,Pop Mart Intl,56.51249980926514
2021-05-18T00:00,SEHK:09992,Hong Kong,Pop Mart Intl,61.71250057220459
2021-08-10T00:00,SEHK:09992,Hong Kong,Pop Mart Intl,56.72499942779541
2021-10-26T00:00,SEHK:09992,Hong Kong,Pop Mart Intl,50.60000038146973
2021-10-12T00:00,SEHK:09992,Hong Kong,Pop Mart Intl,54.125
2021-07-28T00:00,SEHK:09992,Hong Kong,Pop Mart Intl,57.86250019073486
2021-03-10T00:00,SEHK:09992,Hong Kong,Pop Mart Intl,64.10000038146973
2021-12-31T00:00,SEHK:09992,Hong Kong,Pop Mart Intl,44.79999923706055
2021-11-17T00:00,SEHK:09992,Hong Kong,Pop Mart Intl,58.38749885559082
2021-01-22T00:00,SEHK:09992,Hong Kong,Pop Mart Intl,81.79999923706055
2021-08-13T00:00,SEHK:09992,Hong Kong,Pop Mart Intl,52.01250076293945
2021-03-09T00:00,SEHK:09992,Hong Kong,Pop Mart Intl,63.17499923706055
2021-07-09T00:00,SEHK:09992,Hong Kong,Pop Mart Intl,69.11250114440918
2021-04-27T00:00,SEHK:09992,Hong Kong,Pop Mart Intl,69.45000267028809
2021-05-07T00:00,SEHK:09992,Hong Kong,Pop Mart Intl,62.52499961853027
2021-01-15T00:00,SEHK:09992,Hong Kong,Pop Mart Intl,77.39999961853027
2021-01-26T00:00,SEHK:09992,Hong Kong,Pop Mart Intl,80.73749923706055
2021-09-23T00:00,SEHK:09992,Hong Kong,Pop Mart Intl,56.01249980926514
2021-12-14T00:00,SEHK:09992,Hong Kong,Pop Mart Intl,46.062499046325684
2021-07-06T00:00,SEHK:09992,Hong Kong,Pop Mart Intl,73.82499885559082
2021-09-13T00:00,SEHK:09992,Hong Kong,Pop Mart Intl,60.21250057220459
2021-12-08T00:00,SEHK:09992,Hong Kong,Pop Mart Intl,47.96249961853027
2021-07-19T00:00,SEHK:09992,Hong Kong,Pop Mart Intl,69.0625
2021-05-20T00:00,SEHK:09992,Hong Kong,Pop Mart Intl,61.5625
2021-02-02T00:00,SEHK:09992,Hong Kong,Pop Mart Intl,78.98749923706055
2021-07-16T00:00,SEHK:09992,Hong Kong,Pop Mart Intl,70.62499809265137
2021-12-07T00:00,SEHK:09992,Hong Kong,Pop Mart Intl,48.42500019073486
2021-08-17T00:00,SEHK:09992,Hong Kong,Pop Mart Intl,52.69999980926514
2021-06-01T00:00,SEHK:09992,Hong Kong,Pop Mart Intl,70.25
2021-07-26T00:00,SEHK:09992,Hong Kong,Pop Mart Intl,61.33749961853027
2021-03-05T00:00,SEHK:09992,Hong Kong,Pop Mart Intl,76.82499885559082
2021-08-19T00:00,SEHK:09992,Hong Kong,Pop Mart Intl,53.01249980926514
2021-05-03T00:00,SEHK:09992,Hong Kong,Pop Mart Intl,64.31249904632568
2021-11-09T00:00,SEHK:09992,Hong Kong,Pop Mart Intl,59.30000019073486
2021-05-25T00:00,SEHK:09992,Hong Kong,Pop Mart Intl,64.7874984741211
2021-11-11T00:00,SEHK:09992,Hong Kong,Pop Mart Intl,59.0
2021-04-13T00:00,SEHK:09992,Hong Kong,Pop Mart Intl,58.66250038146973
2021-06-29T00:00,SEHK:09992,Hong Kong,Pop Mart Intl,74.38749885559082
2021-04-30T00:00,SEHK:09992,Hong Kong,Pop Mart Intl,63.30000114440918
2021-07-27T00:00,SEHK:09992,Hong Kong,Pop Mart Intl,58.72500038146973
2021-05-13T00:00,SEHK:09992,Hong Kong,Pop Mart Intl,56.77499961853027
2021-08-11T00:00,SEHK:09992,Hong Kong,Pop Mart Intl,55.69999980926514
2021-08-24T00:00,SEHK:09992,Hong Kong,Pop Mart Intl,53.17500019073486
2021-12-20T00:00,SEHK:09992,Hong Kong,Pop Mart Intl,45.30000019073486
2021-08-12T00:00,SEHK:09992,Hong Kong,Pop Mart Intl,53.13749980926514
2021-10-18T00:00,SEHK:09992,Hong Kong,Pop Mart Intl,54.21249961853027
2021-11-25T00:00,SEHK:09992,Hong Kong,Pop Mart Intl,56.33749866485596
2021-04-16T00:00,SEHK:09992,Hong Kong,Pop Mart Intl,65.07499885559082
2021-12-29T00:00,SEHK:09992,Hong Kong,Pop Mart Intl,42.85000038146973
2021-11-15T00:00,SEHK:09992,Hong Kong,Pop Mart Intl,59.40000057220459
2021-06-21T00:00,SEHK:09992,Hong Kong,Pop Mart Intl,64.96249961853027
2021-07-15T00:00,SEHK:09992,Hong Kong,Pop Mart Intl,68.91250038146973
2021-11-19T00:00,SEHK:09992,Hong Kong,Pop Mart Intl,55.85000038146973
2021-06-28T00:00,SEHK:09992,Hong Kong,Pop Mart Intl,74.39999961853027
2021-10-29T00:00,SEHK:09992,Hong Kong,Pop Mart Intl,46.58750057220459
2021-02-04T00:00,SEHK:09992,Hong Kong,Pop Mart Intl,79.0
2021-12-30T00:00,SEHK:09992,Hong Kong,Pop Mart Intl,42.63749980926514
2021-01-27T00:00,SEHK:09992,Hong Kong,Pop Mart Intl,80.0999984741211
2021-09-20T00:00,SEHK:09992,Hong Kong,Pop Mart Intl,59.07500076293945
2021-11-02T00:00,SEHK:09992,Hong Kong,Pop Mart Intl,53.46249961853027
2021-12-02T00:00,SEHK:09992,Hong Kong,Pop Mart Intl,52.4375
2021-11-03T00:00,SEHK:09992,Hong Kong,Pop Mart Intl,54.61249923706055
2021-06-18T00:00,SEHK:09992,Hong Kong,Pop Mart Intl,64.88749885559082
2021-10-25T00:00,SEHK:09992,Hong Kong,Pop Mart Intl,50.39999961853027
2021-10-15T00:00,SEHK:09992,Hong Kong,Pop Mart Intl,54.51249980926514
2021-12-09T00:00,SEHK:09992,Hong Kong,Pop Mart Intl,48.98750019073486
2021-01-28T00:00,SEHK:09992,Hong Kong,Pop Mart Intl,74.75
2021-10-27T00:00,SEHK:09992,Hong Kong,Pop Mart Intl,48.92500019073486
2021-11-24T00:00,SEHK:09992,Hong Kong,Pop Mart Intl,55.77499961853027
2021-07-20T00:00,SEHK:09992,Hong Kong,Pop Mart Intl,68.6875
2021-07-29T00:00,SEHK:09992,Hong Kong,Pop Mart Intl,59.92500019073486
2021-01-21T00:00,SEHK:09992,Hong Kong,Pop Mart Intl,85.20000076293945
2021-07-12T00:00,SEHK:09992,Hong Kong,Pop Mart Intl,70.1624984741211
2021-03-25T00:00,SEHK:09992,Hong Kong,Pop Mart Intl,51.16250038146973
2021-05-14T00:00,SEHK:09992,Hong Kong,Pop Mart Intl,56.30000019073486
2021-05-06T00:00,SEHK:09992,Hong Kong,Pop Mart Intl,63.08750057220459
2021-04-26T00:00,SEHK:09992,Hong Kong,Pop Mart Intl,68.95000076293945
2021-08-05T00:00,SEHK:09992,Hong Kong,Pop Mart Intl,52.78750038146973
2021-08-02T00:00,SEHK:09992,Hong Kong,Pop Mart Intl,55.01250076293945
2021-01-05T00:00,SEHK:09992,Hong Kong,Pop Mart Intl,79.42499923706055
2021-06-09T00:00,SEHK:09992,Hong Kong,Pop Mart Intl,68.47500038146973
2021-09-24T00:00,SEHK:09992,Hong Kong,Pop Mart Intl,55.91249942779541
2021-01-06T00:00,SEHK:09992,Hong Kong,Pop Mart Intl,82.16250038146973
2021-10-05T00:00,SEHK:09992,Hong Kong,Pop Mart Intl,53.5625
2021-11-26T00:00,SEHK:09992,Hong Kong,Pop Mart Intl,53.83750057220459
2021-11-29T00:00,SEHK:09992,Hong Kong,Pop Mart Intl,53.22500038146973
2021-05-31T00:00,SEHK:09992,Hong Kong,Pop Mart Intl,67.66250038146973
2021-04-22T00:00,SEHK:09992,Hong Kong,Pop Mart Intl,66.26249885559082
2021-03-24T00:00,SEHK:09992,Hong Kong,Pop Mart Intl,53.27500057220459
2021-11-22T00:00,SEHK:09992,Hong Kong,Pop Mart Intl,55.76249980926514
2021-01-18T00:00,SEHK:09992,Hong Kong,Pop Mart Intl,75.37499809265137
2021-02-24T00:00,SEHK:09992,Hong Kong,Pop Mart Intl,93.125
2021-05-11T00:00,SEHK:09992,Hong Kong,Pop Mart Intl,57.92500019073486
2021-04-01T00:00,SEHK:09992,Hong Kong,Pop Mart Intl,61.91249942779541
2021-01-12T00:00,SEHK:09992,Hong Kong,Pop Mart Intl,75.28750038146973
2021-03-31T00:00,SEHK:09992,Hong Kong,Pop Mart Intl,60.28749942779541
2021-12-13T00:00,SEHK:09992,Hong Kong,Pop Mart Intl,47.35000038146973
2021-01-19T00:00,SEHK:09992,Hong Kong,Pop Mart Intl,76.26249885559082
2021-12-22T00:00,SEHK:09992,Hong Kong,Pop Mart Intl,46.13749980926514
2021-05-05T00:00,SEHK:09992,Hong Kong,Pop Mart Intl,63.88750076293945
2021-02-18T00:00,SEHK:09992,Hong Kong,Pop Mart Intl,101.82500076293945
2021-07-08T00:00,SEHK:09992,Hong Kong,Pop Mart Intl,72.48750114440918
2021-01-11T00:00,SEHK:09992,Hong Kong,Pop Mart Intl,76.76250076293945
2021-07-22T00:00,SEHK:09992,Hong Kong,Pop Mart Intl,67.58749961853027
2021-06-10T00:00,SEHK:09992,Hong Kong,Pop Mart Intl,67.45000076293945
2021-04-21T00:00,SEHK:09992,Hong Kong,Pop Mart Intl,65.875
2021-05-27T00:00,SEHK:09992,Hong Kong,Pop Mart Intl,66.83749961853027
2021-09-15T00:00,SEHK:09992,Hong Kong,Pop Mart Intl,59.437500953674316
2021-11-12T00:00,SEHK:09992,Hong Kong,Pop Mart Intl,57.69999980926514
2021-06-23T00:00,SEHK:09992,Hong Kong,Pop Mart Intl,67.9375
2021-04-20T00:00,SEHK:09992,Hong Kong,Pop Mart Intl,67.71249961853027
2021-04-07T00:00,SEHK:09992,Hong Kong,Pop Mart Intl,62.91249942779541
2021-03-17T00:00,SEHK:09992,Hong Kong,Pop Mart Intl,69.9000015258789
2021-02-16T00:00,SEHK:09992,Hong Kong,Pop Mart Intl,93.38750076293945
2021-06-15T00:00,SEHK:09992,Hong Kong,Pop Mart Intl,65.48749923706055
2021-03-23T00:00,SEHK:09992,Hong Kong,Pop Mart Intl,57.77500057220459
2021-01-29T00:00,SEHK:09992,Hong Kong,Pop Mart Intl,74.42500114440918
2021-12-28T00:00,SEHK:09992,Hong Kong,Pop Mart Intl,45.0
2021-08-03T00:00,SEHK:09992,Hong Kong,Pop Mart Intl,53.4375
2021-08-06T00:00,SEHK:09992,Hong Kong,Pop Mart Intl,53.6875
2021-08-31T00:00,SEHK:09992,Hong Kong,Pop Mart Intl,57.94999980926514
2021-03-18T00:00,SEHK:09992,Hong Kong,Pop Mart Intl,71.38750076293945
2021-02-03T00:00,SEHK:09992,Hong Kong,Pop Mart Intl,80.26250076293945
2021-12-15T00:00,SEHK:09992,Hong Kong,Pop Mart Intl,45.812500953674316
2021-12-03T00:00,SEHK:09992,Hong Kong,Pop Mart Intl,50.46249961853027
2021-03-22T00:00,SEHK:09992,Hong Kong,Pop Mart Intl,64.58749961853027
2021-05-24T00:00,SEHK:09992,Hong Kong,Pop Mart Intl,64.76249885559082
2021-02-22T00:00,SEHK:09992,Hong Kong,Pop Mart Intl,100.39999961853027
2021-03-01T00:00,SEHK:09992,Hong Kong,Pop Mart Intl,95.0
2021-06-17T00:00,SEHK:09992,Hong Kong,Pop Mart Intl,62.47500038146973
2021-06-08T00:00,SEHK:09992,Hong Kong,Pop Mart Intl,70.52499961853027
2021-09-08T00:00,SEHK:09992,Hong Kong,Pop Mart Intl,62.11250019073486
2021-01-04T00:00,SEHK:09992,Hong Kong,Pop Mart Intl,79.55000114440918
2021-03-11T00:00,SEHK:09992,Hong Kong,Pop Mart Intl,64.96250057220459
2021-12-23T00:00,SEHK:09992,Hong Kong,Pop Mart Intl,45.35000038146973
2021-09-21T00:00,SEHK:09992,Hong Kong,Pop Mart Intl,57.250000953674316
2021-05-12T00:00,SEHK:09992,Hong Kong,Pop Mart Intl,57.17499923706055
2021-10-19T00:00,SEHK:09992,Hong Kong,Pop Mart Intl,53.94999980926514
2021-01-14T00:00,SEHK:09992,Hong Kong,Pop Mart Intl,76.92499923706055
2021-02-26T00:00,SEHK:09992,Hong Kong,Pop Mart Intl,91.07500076293945
2021-06-02T00:00,SEHK:09992,Hong Kong,Pop Mart Intl,73.64999961853027
2021-08-23T00:00,SEHK:09992,Hong Kong,Pop Mart Intl,51.25
2021-06-03T00:00,SEHK:09992,Hong Kong,Pop Mart Intl,73.36250114440918
2021-11-10T00:00,SEHK:09992,Hong Kong,Pop Mart Intl,59.6875
2021-02-11T00:00,SEHK:09992,Hong Kong,Pop Mart Intl,92.01250076293945
2021-02-09T00:00,SEHK:09992,Hong Kong,Pop Mart Intl,79.36249923706055
2021-10-08T00:00,SEHK:09992,Hong Kong,Pop Mart Intl,55.03750038146973
2021-04-15T00:00,SEHK:09992,Hong Kong,Pop Mart Intl,61.82500076293945
2021-03-15T00:00,SEHK:09992,Hong Kong,Pop Mart Intl,68.0625
2021-07-14T00:00,SEHK:09992,Hong Kong,Pop Mart Intl,69.07499885559082
2021-08-16T00:00,SEHK:09992,Hong Kong,Pop Mart Intl,53.46249961853027
2021-02-10T00:00,SEHK:09992,Hong Kong,Pop Mart Intl,83.54999923706055
2021-12-17T00:00,SEHK:09992,Hong Kong,Pop Mart Intl,46.97500038146973
2021-12-16T00:00,SEHK:09992,Hong Kong,Pop Mart Intl,46.48749923706055
2021-01-20T00:00,SEHK:09992,Hong Kong,Pop Mart Intl,81.7125015258789
2021-07-07T00:00,SEHK:09992,Hong Kong,Pop Mart Intl,74.37499809265137
2021-03-16T00:00,SEHK:09992,Hong Kong,Pop Mart Intl,67.98750114440918
2021-02-25T00:00,SEHK:09992,Hong Kong,Pop Mart Intl,94.81249809265137
2021-02-01T00:00,SEHK:09992,Hong Kong,Pop Mart Intl,75.21249961853027
2021-08-18T00:00,SEHK:09992,Hong Kong,Pop Mart Intl,52.32499980926514
2021-05-17T00:00,SEHK:09992,Hong Kong,Pop Mart Intl,56.94999885559082
2021-05-21T00:00,SEHK:09992,Hong Kong,Pop Mart Intl,65.47499942779541
2021-09-16T00:00,SEHK:09992,Hong Kong,Pop Mart Intl,59.58750057220459
2021-11-05T00:00,SEHK:09992,Hong Kong,Pop Mart Intl,56.16250038146973
2021-11-30T00:00,SEHK:09992,Hong Kong,Pop Mart Intl,54.97500038146973
2021-03-08T00:00,SEHK:09992,Hong Kong,Pop Mart Intl,72.625
2021-04-28T00:00,SEHK:09992,Hong Kong,Pop Mart Intl,67.83749961853027
2021-06-24T00:00,SEHK:09992,Hong Kong,Pop Mart Intl,70.1875
2021-07-13T00:00,SEHK:09992,Hong Kong,Pop Mart Intl,69.69999885559082
2021-05-10T00:00,SEHK:09992,Hong Kong,Pop Mart Intl,59.92500019073486
2021-09-30T00:00,SEHK:09992,Hong Kong,Pop Mart Intl,52.95000076293945
2021-03-26T00:00,SEHK:09992,Hong Kong,Pop Mart Intl,54.13749980926514
2021-06-25T00:00,SEHK:09992,Hong Kong,Pop Mart Intl,71.5250015258789
2021-06-04T00:00,SEHK:09992,Hong Kong,Pop Mart Intl,74.29999923706055
2021-12-10T00:00,SEHK:09992,Hong Kong,Pop Mart Intl,48.375
2021-05-28T00:00,SEHK:09992,Hong Kong,Pop Mart Intl,67.45000076293945
2021-11-08T00:00,SEHK:09992,Hong Kong,Pop Mart Intl,57.77499961853027
2021-01-25T00:00,SEHK:09992,Hong Kong,Pop Mart Intl,80.89999961853027
2021-09-01T00:00,SEHK:09992,Hong Kong,Pop Mart Intl,58.3125
2021-03-30T00:00,SEHK:09992,Hong Kong,Pop Mart Intl,58.97500038146973
2021-02-08T00:00,SEHK:09992,Hong Kong,Pop Mart Intl,80.2125015258789
2021-03-12T00:00,SEHK:09992,Hong Kong,Pop Mart Intl,67.9000015258789
2021-10-28T00:00,SEHK:09992,Hong Kong,Pop Mart Intl,47.94999980926514
2022-08-05T00:00,SEHK:09992,Hong Kong,Pop Mart Intl,18.15500020980835
2022-04-06T00:00,SEHK:09992,Hong Kong,Pop Mart Intl,36.77499961853027
2022-09-20T00:00,SEHK:09992,Hong Kong,Pop Mart Intl,18.00999975204468
2022-05-31T00:00,SEHK:09992,Hong Kong,Pop Mart Intl,30.175000190734863
2022-09-06T00:00,SEHK:09992,Hong Kong,Pop Mart Intl,18.855000019073486
2022-12-06T00:00,SEHK:09992,Hong Kong,Pop Mart Intl,17.984999656677246
2022-06-06T00:00,SEHK:09992,Hong Kong,Pop Mart Intl,33.25
2022-07-18T00:00,SEHK:09992,Hong Kong,Pop Mart Intl,23.149999618530273
2022-05-03T00:00,SEHK:09992,Hong Kong,Pop Mart Intl,36.21250057220459
2022-04-11T00:00,SEHK:09992,Hong Kong,Pop Mart Intl,34.86249923706055
2022-02-15T00:00,SEHK:09992,Hong Kong,Pop Mart Intl,41.01249980926514
2022-09-22T00:00,SEHK:09992,Hong Kong,Pop Mart Intl,16.789999961853027
2022-05-06T00:00,SEHK:09992,Hong Kong,Pop Mart Intl,32.73749923706055
2022-03-14T00:00,SEHK:09992,Hong Kong,Pop Mart Intl,32.33750057220459
2022-07-11T00:00,SEHK:09992,Hong Kong,Pop Mart Intl,32.5625
2022-01-24T00:00,SEHK:09992,Hong Kong,Pop Mart Intl,43.05000019073486
2022-05-04T00:00,SEHK:09992,Hong Kong,Pop Mart Intl,35.26249980926514
2022-02-08T00:00,SEHK:09992,Hong Kong,Pop Mart Intl,39.38749980926514
2022-01-12T00:00,SEHK:09992,Hong Kong,Pop Mart Intl,47.44999885559082
2022-09-09T00:00,SEHK:09992,Hong Kong,Pop Mart Intl,18.389999389648434
2022-06-16T00:00,SEHK:09992,Hong Kong,Pop Mart Intl,34.16249942779541
2022-12-30T00:00,SEHK:09992,Hong Kong,Pop Mart Intl,19.71500015258789
2022-01-28T00:00,SEHK:09992,Hong Kong,Pop Mart Intl,38.80000019073486
2022-07-21T00:00,SEHK:09992,Hong Kong,Pop Mart Intl,22.675000190734863
2022-01-26T00:00,SEHK:09992,Hong Kong,Pop Mart Intl,42.80000019073486
2022-11-21T00:00,SEHK:09992,Hong Kong,Pop Mart Intl,14.394999742507935
2022-12-20T00:00,SEHK:09992,Hong Kong,Pop Mart Intl,18.31999921798706
2022-10-14T00:00,SEHK:09992,Hong Kong,Pop Mart Intl,12.65499997138977
2022-04-22T00:00,SEHK:09992,Hong Kong,Pop Mart Intl,32.21249961853027
2022-10-27T00:00,SEHK:09992,Hong Kong,Pop Mart Intl,11.240000009536743
2022-03-24T00:00,SEHK:09992,Hong Kong,Pop Mart Intl,35.38749980926514
2022-09-30T00:00,SEHK:09992,Hong Kong,Pop Mart Intl,15.174999952316284
2022-08-31T00:00,SEHK:09992,Hong Kong,Pop Mart Intl,19.91249990463257
2022-05-24T00:00,SEHK:09992,Hong Kong,Pop Mart Intl,31.612499713897705
2022-07-05T00:00,SEHK:09992,Hong Kong,Pop Mart Intl,37.63749980926514
2022-10-21T00:00,SEHK:09992,Hong Kong,Pop Mart Intl,12.169999837875366
2022-02-10T00:00,SEHK:09992,Hong Kong,Pop Mart Intl,36.84999942779541
2022-10-31T00:00,SEHK:09992,Hong Kong,Pop Mart Intl,10.25499987602234
2022-08-10T00:00,SEHK:09992,Hong Kong,Pop Mart Intl,17.499999523162842
2022-04-19T00:00,SEHK:09992,Hong Kong,Pop Mart Intl,35.05000019073486
2022-04-13T00:00,SEHK:09992,Hong Kong,Pop Mart Intl,35.13749980926514
2022-03-25T00:00,SEHK:09992,Hong Kong,Pop Mart Intl,33.76249885559082
2022-08-24T00:00,SEHK:09992,Hong Kong,Pop Mart Intl,18.5799994468689
2022-06-09T00:00,SEHK:09992,Hong Kong,Pop Mart Intl,35.937499046325684
2022-12-29T00:00,SEHK:09992,Hong Kong,Pop Mart Intl,19.534999370574955
2022-10-07T00:00,SEHK:09992,Hong Kong,Pop Mart Intl,15.52999997138977
2022-03-04T00:00,SEHK:09992,Hong Kong,Pop Mart Intl,40.16250038146973
2022-04-20T00:00,SEHK:09992,Hong Kong,Pop Mart Intl,34.86249923706055
2022-09-13T00:00,SEHK:09992,Hong Kong,Pop Mart Intl,18.894999980926514
2022-09-21T00:00,SEHK:09992,Hong Kong,Pop Mart Intl,17.355000019073486
2022-06-28T00:00,SEHK:09992,Hong Kong,Pop Mart Intl,38.77500057220459
2022-02-24T00:00,SEHK:09992,Hong Kong,Pop Mart Intl,37.97500038146973
2022-03-01T00:00,SEHK:09992,Hong Kong,Pop Mart Intl,40.58750057220459
2022-08-25T00:00,SEHK:09992,Hong Kong,Pop Mart Intl,19.442499160766605
2022-05-30T00:00,SEHK:09992,Hong Kong,Pop Mart Intl,29.574999809265137
2022-01-03T00:00,SEHK:09992,Hong Kong,Pop Mart Intl,45.91250038146973
2022-12-19T00:00,SEHK:09992,Hong Kong,Pop Mart Intl,19.03000020980835
2022-02-21T00:00,SEHK:09992,Hong Kong,Pop Mart Intl,39.95000076293945
2022-03-18T00:00,SEHK:09992,Hong Kong,Pop Mart Intl,33.13749980926514
2022-07-19T00:00,SEHK:09992,Hong Kong,Pop Mart Intl,21.9375
2022-04-01T00:00,SEHK:09992,Hong Kong,Pop Mart Intl,34.125
2022-09-05T00:00,SEHK:09992,Hong Kong,Pop Mart Intl,19.09500026702881
2022-11-16T00:00,SEHK:09992,Hong Kong,Pop Mart Intl,16.08999991416931
2022-11-10T00:00,SEHK:09992,Hong Kong,Pop Mart Intl,12.325000047683714
2022-11-11T00:00,SEHK:09992,Hong Kong,Pop Mart Intl,14.065000057220457
2022-10-18T00:00,SEHK:09992,Hong Kong,Pop Mart Intl,13.084999799728392
2022-09-14T00:00,SEHK:09992,Hong Kong,Pop Mart Intl,18.37000036239624
2022-06-20T00:00,SEHK:09992,Hong Kong,Pop Mart Intl,34.437499046325684
2022-10-25T00:00,SEHK:09992,Hong Kong,Pop Mart Intl,10.859999895095827
2022-03-29T00:00,SEHK:09992,Hong Kong,Pop Mart Intl,32.087499141693115
2022-08-23T00:00,SEHK:09992,Hong Kong,Pop Mart Intl,19.049999713897705
2022-06-30T00:00,SEHK:09992,Hong Kong,Pop Mart Intl,38.062500953674316
2022-08-18T00:00,SEHK:09992,Hong Kong,Pop Mart Intl,18.99500036239624
2022-10-12T00:00,SEHK:09992,Hong Kong,Pop Mart Intl,12.934999942779541
2022-02-04T00:00,SEHK:09992,Hong Kong,Pop Mart Intl,39.25
2022-09-16T00:00,SEHK:09992,Hong Kong,Pop Mart Intl,18.414999961853027
2022-02-25T00:00,SEHK:09992,Hong Kong,Pop Mart Intl,38.187499046325684
2022-07-08T00:00,SEHK:09992,Hong Kong,Pop Mart Intl,33.69999980926514
2022-02-09T00:00,SEHK:09992,Hong Kong,Pop Mart Intl,39.07499980926514
2022-03-09T00:00,SEHK:09992,Hong Kong,Pop Mart Intl,35.875
2022-06-22T00:00,SEHK:09992,Hong Kong,Pop Mart Intl,35.16250038146973
2022-11-09T00:00,SEHK:09992,Hong Kong,Pop Mart Intl,12.80999994277954
2022-12-13T00:00,SEHK:09992,Hong Kong,Pop Mart Intl,20.309999465942383
2022-11-03T00:00,SEHK:09992,Hong Kong,Pop Mart Intl,11.389999628067017
2022-01-06T00:00,SEHK:09992,Hong Kong,Pop Mart Intl,41.52500057220459
2022-07-04T00:00,SEHK:09992,Hong Kong,Pop Mart Intl,37.69999980926514
2022-10-17T00:00,SEHK:09992,Hong Kong,Pop Mart Intl,12.680000066757199
2022-04-27T00:00,SEHK:09992,Hong Kong,Pop Mart Intl,33.11250066757202
2022-05-26T00:00,SEHK:09992,Hong Kong,Pop Mart Intl,28.75
2022-01-18T00:00,SEHK:09992,Hong Kong,Pop Mart Intl,47.562500953674316
2022-06-07T00:00,SEHK:09992,Hong Kong,Pop Mart Intl,34.22500038146973
2022-09-26T00:00,SEHK:09992,Hong Kong,Pop Mart Intl,16.68499994277954
2022-01-25T00:00,SEHK:09992,Hong Kong,Pop Mart Intl,42.72500038146973
2022-09-01T00:00,SEHK:09992,Hong Kong,Pop Mart Intl,20.31500005722046
2022-04-08T00:00,SEHK:09992,Hong Kong,Pop Mart Intl,36.52499961853027
2022-11-29T00:00,SEHK:09992,Hong Kong,Pop Mart Intl,14.494999885559082
2022-05-20T00:00,SEHK:09992,Hong Kong,Pop Mart Intl,32.57500076293945
2022-10-06T00:00,SEHK:09992,Hong Kong,Pop Mart Intl,16.204999923706055
2022-10-26T00:00,SEHK:09992,Hong Kong,Pop Mart Intl,10.920000076293947
2022-08-01T00:00,SEHK:09992,Hong Kong,Pop Mart Intl,17.959999561309814
2022-02-22T00:00,SEHK:09992,Hong Kong,Pop Mart Intl,39.125
2022-05-25T00:00,SEHK:09992,Hong Kong,Pop Mart Intl,30.02500009536743
2022-12-14T00:00,SEHK:09992,Hong Kong,Pop Mart Intl,20.070000171661377
2022-03-21T00:00,SEHK:09992,Hong Kong,Pop Mart Intl,33.23749876022338
2022-08-11T00:00,SEHK:09992,Hong Kong,Pop Mart Intl,17.47999954223633
2022-12-08T00:00,SEHK:09992,Hong Kong,Pop Mart Intl,20.102499961853027
2022-03-11T00:00,SEHK:09992,Hong Kong,Pop Mart Intl,35.17500019073486
2022-10-19T00:00,SEHK:09992,Hong Kong,Pop Mart Intl,12.815000057220455
2022-01-07T00:00,SEHK:09992,Hong Kong,Pop Mart Intl,43.000000953674316
2022-02-18T00:00,SEHK:09992,Hong Kong,Pop Mart Intl,41.02500057220459
2022-08-30T00:00,SEHK:09992,Hong Kong,Pop Mart Intl,19.535000324249268
2022-03-30T00:00,SEHK:09992,Hong Kong,Pop Mart Intl,35.374999046325684
2022-11-30T00:00,SEHK:09992,Hong Kong,Pop Mart Intl,16.265000104904175
2022-08-19T00:00,SEHK:09992,Hong Kong,Pop Mart Intl,18.765000343322754
2022-12-01T00:00,SEHK:09992,Hong Kong,Pop Mart Intl,18.005000114440918
2022-02-28T00:00,SEHK:09992,Hong Kong,Pop Mart Intl,38.82500076293945
2022-09-23T00:00,SEHK:09992,Hong Kong,Pop Mart Intl,16.34000015258789
2022-01-11T00:00,SEHK:09992,Hong Kong,Pop Mart Intl,44.875
2022-08-02T00:00,SEHK:09992,Hong Kong,Pop Mart Intl,17.56999969482422
2022-10-13T00:00,SEHK:09992,Hong Kong,Pop Mart Intl,12.555000066757202
2022-11-04T00:00,SEHK:09992,Hong Kong,Pop Mart Intl,12.03499984741211
2022-07-14T00:00,SEHK:09992,Hong Kong,Pop Mart Intl,29.112500190734863
2022-01-20T00:00,SEHK:09992,Hong Kong,Pop Mart Intl,42.03750038146973
2022-07-07T00:00,SEHK:09992,Hong Kong,Pop Mart Intl,34.437499046325684
2022-11-08T00:00,SEHK:09992,Hong Kong,Pop Mart Intl,13.265000343322754
2022-05-12T00:00,SEHK:09992,Hong Kong,Pop Mart Intl,29.887499809265137
2022-11-23T00:00,SEHK:09992,Hong Kong,Pop Mart Intl,13.850000143051144
2022-11-14T00:00,SEHK:09992,Hong Kong,Pop Mart Intl,14.824999809265137
2022-02-11T00:00,SEHK:09992,Hong Kong,Pop Mart Intl,37.57500076293945
2022-04-12T00:00,SEHK:09992,Hong Kong,Pop Mart Intl,34.72500038146973
2022-12-09T00:00,SEHK:09992,Hong Kong,Pop Mart Intl,21.949999809265137
2022-10-24T00:00,SEHK:09992,Hong Kong,Pop Mart Intl,10.894999980926515
2022-08-22T00:00,SEHK:09992,Hong Kong,Pop Mart Intl,18.884999752044678
2022-03-03T00:00,SEHK:09992,Hong Kong,Pop Mart Intl,40.39999961853027
2022-09-27T00:00,SEHK:09992,Hong Kong,Pop Mart Intl,17.385000228881836
2022-06-01T00:00,SEHK:09992,Hong Kong,Pop Mart Intl,31.875000476837158
2022-03-15T00:00,SEHK:09992,Hong Kong,Pop Mart Intl,30.125
2022-04-21T00:00,SEHK:09992,Hong Kong,Pop Mart Intl,33.32499980926514
2022-10-05T00:00,SEHK:09992,Hong Kong,Pop Mart Intl,16.274999618530273
2022-03-22T00:00,SEHK:09992,Hong Kong,Pop Mart Intl,32.96249961853027
2022-02-07T00:00,SEHK:09992,Hong Kong,Pop Mart Intl,40.0625
2022-10-20T00:00,SEHK:09992,Hong Kong,Pop Mart Intl,12.049999952316284
2022-02-16T00:00,SEHK:09992,Hong Kong,Pop Mart Intl,42.25
2022-09-29T00:00,SEHK:09992,Hong Kong,Pop Mart Intl,16.78000020980835
2022-09-07T00:00,SEHK:09992,Hong Kong,Pop Mart Intl,18.34499979019165
2022-10-11T00:00,SEHK:09992,Hong Kong,Pop Mart Intl,13.52500009536743
2022-06-21T00:00,SEHK:09992,Hong Kong,Pop Mart Intl,35.625
2022-04-04T00:00,SEHK:09992,Hong Kong,Pop Mart Intl,36.26249885559082
2022-08-26T00:00,SEHK:09992,Hong Kong,Pop Mart Intl,19.579999923706055
2022-05-19T00:00,SEHK:09992,Hong Kong,Pop Mart Intl,31.90000009536743
2022-01-13T00:00,SEHK:09992,Hong Kong,Pop Mart Intl,47.44999980926514
2022-04-29T00:00,SEHK:09992,Hong Kong,Pop Mart Intl,35.11250019073486
2022-11-24T00:00,SEHK:09992,Hong Kong,Pop Mart Intl,14.000000238418579
2022-11-25T00:00,SEHK:09992,Hong Kong,Pop Mart Intl,13.475000143051147
2022-12-05T00:00,SEHK:09992,Hong Kong,Pop Mart Intl,18.385000228881836
2022-04-07T00:00,SEHK:09992,Hong Kong,Pop Mart Intl,36.47500038146973
2022-08-16T00:00,SEHK:09992,Hong Kong,Pop Mart Intl,19.144999980926514
2022-11-01T00:00,SEHK:09992,Hong Kong,Pop Mart Intl,10.720000028610226
2022-09-19T00:00,SEHK:09992,Hong Kong,Pop Mart Intl,18.149999618530273
2022-01-27T00:00,SEHK:09992,Hong Kong,Pop Mart Intl,41.22500038146973
2022-05-11T00:00,SEHK:09992,Hong Kong,Pop Mart Intl,30.562499523162842
2022-01-17T00:00,SEHK:09992,Hong Kong,Pop Mart Intl,46.375000953674316
2022-11-17T00:00,SEHK:09992,Hong Kong,Pop Mart Intl,15.319999933242798
2022-06-23T00:00,SEHK:09992,Hong Kong,Pop Mart Intl,34.82499980926514
2022-05-23T00:00,SEHK:09992,Hong Kong,Pop Mart Intl,32.38749980926514
2022-07-27T00:00,SEHK:09992,Hong Kong,Pop Mart Intl,20.269999980926514
2022-09-08T00:00,SEHK:09992,Hong Kong,Pop Mart Intl,18.29500007629394
2022-09-02T00:00,SEHK:09992,Hong Kong,Pop Mart Intl,19.869999885559082
2022-09-28T00:00,SEHK:09992,Hong Kong,Pop Mart Intl,17.5499997138977
2022-04-14T00:00,SEHK:09992,Hong Kong,Pop Mart Intl,36.0625
2022-12-28T00:00,SEHK:09992,Hong Kong,Pop Mart Intl,19.992499828338623
2022-05-13T00:00,SEHK:09992,Hong Kong,Pop Mart Intl,30.77499961853027
2022-10-10T00:00,SEHK:09992,Hong Kong,Pop Mart Intl,14.694999694824219
2022-03-08T00:00,SEHK:09992,Hong Kong,Pop Mart Intl,37.64999961853027
2022-11-28T00:00,SEHK:09992,Hong Kong,Pop Mart Intl,13.500000000000004
2022-12-02T00:00,SEHK:09992,Hong Kong,Pop Mart Intl,17.40000009536743
2022-06-08T00:00,SEHK:09992,Hong Kong,Pop Mart Intl,36.08749961853027
2022-07-06T00:00,SEHK:09992,Hong Kong,Pop Mart Intl,35.98750019073486
2022-01-10T00:00,SEHK:09992,Hong Kong,Pop Mart Intl,43.61249923706055
2022-03-17T00:00,SEHK:09992,Hong Kong,Pop Mart Intl,34.062499046325684
2022-08-12T00:00,SEHK:09992,Hong Kong,Pop Mart Intl,18.174999713897705
2022-08-15T00:00,SEHK:09992,Hong Kong,Pop Mart Intl,19.05999994277954
2022-03-16T00:00,SEHK:09992,Hong Kong,Pop Mart Intl,31.875
2022-07-22T00:00,SEHK:09992,Hong Kong,Pop Mart Intl,22.65000009536743
2022-12-07T00:00,SEHK:09992,Hong Kong,Pop Mart Intl,18.21999979019165
2022-07-12T00:00,SEHK:09992,Hong Kong,Pop Mart Intl,31.01249933242798
2022-02-14T00:00,SEHK:09992,Hong Kong,Pop Mart Intl,39.23750019073486
2022-04-25T00:00,SEHK:09992,Hong Kong,Pop Mart Intl,31.66249990463257
2022-08-17T00:00,SEHK:09992,Hong Kong,Pop Mart Intl,18.824999809265137
2022-12-16T00:00,SEHK:09992,Hong Kong,Pop Mart Intl,18.949999809265137
2022-11-02T00:00,SEHK:09992,Hong Kong,Pop Mart Intl,11.269999980926514
2022-05-17T00:00,SEHK:09992,Hong Kong,Pop Mart Intl,32.31249952316284
2022-11-22T00:00,SEHK:09992,Hong Kong,Pop Mart Intl,14.15999984741211
2022-08-08T00:00,SEHK:09992,Hong Kong,Pop Mart Intl,18.09000015258789
2022-06-14T00:00,SEHK:09992,Hong Kong,Pop Mart Intl,34.5
2022-03-07T00:00,SEHK:09992,Hong Kong,Pop Mart Intl,38.71249961853027
2022-01-31T00:00,SEHK:09992,Hong Kong,Pop Mart Intl,38.60000038146973
2022-12-23T00:00,SEHK:09992,Hong Kong,Pop Mart Intl,19.522499561309814
2022-01-19T00:00,SEHK:09992,Hong Kong,Pop Mart Intl,45.875
2022-03-23T00:00,SEHK:09992,Hong Kong,Pop Mart Intl,34.96250057220459
2022-06-17T00:00,SEHK:09992,Hong Kong,Pop Mart Intl,33.91250038146973
2022-05-10T00:00,SEHK:09992,Hong Kong,Pop Mart Intl,30.09999990463257
2022-06-02T00:00,SEHK:09992,Hong Kong,Pop Mart Intl,32.375
2022-03-28T00:00,SEHK:09992,Hong Kong,Pop Mart Intl,32.1875
2022-12-15T00:00,SEHK:09992,Hong Kong,Pop Mart Intl,19.482500076293945
2022-04-28T00:00,SEHK:09992,Hong Kong,Pop Mart Intl,33.66250038146973
2022-10-03T00:00,SEHK:09992,Hong Kong,Pop Mart Intl,14.849999904632568
2022-01-14T00:00,SEHK:09992,Hong Kong,Pop Mart Intl,45.51250076293945
2022-07-26T00:00,SEHK:09992,Hong Kong,Pop Mart Intl,20.699999809265137
2022-08-03T00:00,SEHK:09992,Hong Kong,Pop Mart Intl,17.484999656677246
2022-08-09T00:00,SEHK:09992,Hong Kong,Pop Mart Intl,17.794999599456787
2022-07-28T00:00,SEHK:09992,Hong Kong,Pop Mart Intl,19.65999984741211
2022-05-27T00:00,SEHK:09992,Hong Kong,Pop Mart Intl,29.262499809265137
2022-11-07T00:00,SEHK:09992,Hong Kong,Pop Mart Intl,12.81499981880188
2022-05-18T00:00,SEHK:09992,Hong Kong,Pop Mart Intl,33.22500038146973
2022-02-17T00:00,SEHK:09992,Hong Kong,Pop Mart Intl,41.71250057220459
2022-06-10T00:00,SEHK:09992,Hong Kong,Pop Mart Intl,35.03749942779541
2022-07-29T00:00,SEHK:09992,Hong Kong,Pop Mart Intl,18.62999963760376
2022-05-05T00:00,SEHK:09992,Hong Kong,Pop Mart Intl,34.96249961853027
2022-01-04T00:00,SEHK:09992,Hong Kong,Pop Mart Intl,46.08749961853027
2022-06-24T00:00,SEHK:09992,Hong Kong,Pop Mart Intl,36.03749942779541
2022-12-12T00:00,SEHK:09992,Hong Kong,Pop Mart Intl,21.014999866485596
2022-09-15T00:00,SEHK:09992,Hong Kong,Pop Mart Intl,18.635000228881836
2022-03-31T00:00,SEHK:09992,Hong Kong,Pop Mart Intl,35.29999923706055
2022-08-04T00:00,SEHK:09992,Hong Kong,Pop Mart Intl,17.635000228881836
2022-06-15T00:00,SEHK:09992,Hong Kong,Pop Mart Intl,35.11250019073486
2022-06-27T00:00,SEHK:09992,Hong Kong,Pop Mart Intl,38.02500057220459
2022-10-28T00:00,SEHK:09992,Hong Kong,Pop Mart Intl,10.457499742507938
2022-02-23T00:00,SEHK:09992,Hong Kong,Pop Mart Intl,39.1875
2022-12-21T00:00,SEHK:09992,Hong Kong,Pop Mart Intl,18.070000171661377
2022-11-18T00:00,SEHK:09992,Hong Kong,Pop Mart Intl,15.56499981880188
2022-07-13T00:00,SEHK:09992,Hong Kong,Pop Mart Intl,30.02500009536743
2022-07-15T00:00,SEHK:09992,Hong Kong,Pop Mart Intl,26.812500476837158
2022-05-16T00:00,SEHK:09992,Hong Kong,Pop Mart Intl,31.6875
2022-03-10T00:00,SEHK:09992,Hong Kong,Pop Mart Intl,36.41249942779541
2022-06-13T00:00,SEHK:09992,Hong Kong,Pop Mart Intl,34.41250133514405
2022-01-21T00:00,SEHK:09992,Hong Kong,Pop Mart Intl,42.97499942779541
2022-08-29T00:00,SEHK:09992,Hong Kong,Pop Mart Intl,19.34499979019165
2022-11-15T00:00,SEHK:09992,Hong Kong,Pop Mart Intl,15.835000038146973
2022-12-22T00:00,SEHK:09992,Hong Kong,Pop Mart Intl,19.3725004196167
2022-07-25T00:00,SEHK:09992,Hong Kong,Pop Mart Intl,21.774999618530277
2022-01-05T00:00,SEHK:09992,Hong Kong,Pop Mart Intl,43.09999942779541
2022-07-20T00:00,SEHK:09992,Hong Kong,Pop Mart Intl,22.5
2022-03-02T00:00,SEHK:09992,Hong Kong,Pop Mart Intl,40.95000076293945
2022-04-26T00:00,SEHK:09992,Hong Kong,Pop Mart Intl,33.09999990463257
2022-06-29T00:00,SEHK:09992,Hong Kong,Pop Mart Intl,37.66249942779541
2020-12-11T00:00,SEHK:09992,Hong Kong,Pop Mart Intl,73.96249961853027
2020-12-21T00:00,SEHK:09992,Hong Kong,Pop Mart Intl,82.28750228881836
2020-12-23T00:00,SEHK:09992,Hong Kong,Pop Mart Intl,90.79999923706055
2020-12-14T00:00,SEHK:09992,Hong Kong,Pop Mart Intl,70.14999866485596
2020-12-22T00:00,SEHK:09992,Hong Kong,Pop Mart Intl,89.83749961853027
2020-12-24T00:00,SEHK:09992,Hong Kong,Pop Mart Intl,88.0
2020-12-17T00:00,SEHK:09992,Hong Kong,Pop Mart Intl,72.78750038146973
2020-12-30T00:00,SEHK:09992,Hong Kong,Pop Mart Intl,81.10000038146973
2020-12-15T00:00,SEHK:09992,Hong Kong,Pop Mart Intl,72.48749923706055
2020-12-29T00:00,SEHK:09992,Hong Kong,Pop Mart Intl,78.1875
2020-12-16T00:00,SEHK:09992,Hong Kong,Pop Mart Intl,73.17500114440918
2020-12-28T00:00,SEHK:09992,Hong Kong,Pop Mart Intl,76.68750190734863
2020-12-31T00:00,SEHK:09992,Hong Kong,Pop Mart Intl,81.72500038146973
2020-12-18T00:00,SEHK:09992,Hong Kong,Pop Mart Intl,75.67500114440918
2024-11-01T00:00,SEHK:09992,Hong Kong,Pop Mart Intl,70.79999923706055
2024-06-14T00:00,SEHK:09992,Hong Kong,Pop Mart Intl,39.09999942779541
2024-04-12T00:00,SEHK:09992,Hong Kong,Pop Mart Intl,30.937499523162842
2024-02-02T00:00,SEHK:09992,Hong Kong,Pop Mart Intl,18.014999866485596
2024-04-25T00:00,SEHK:09992,Hong Kong,Pop Mart Intl,33.85000038146973
2024-12-23T00:00,SEHK:09992,Hong Kong,Pop Mart Intl,91.60000038146973
2024-08-16T00:00,SEHK:09992,Hong Kong,Pop Mart Intl,38.88749980926514
2024-01-22T00:00,SEHK:09992,Hong Kong,Pop Mart Intl,17.99999952316284
2024-07-03T00:00,SEHK:09992,Hong Kong,Pop Mart Intl,36.1875
2024-04-18T00:00,SEHK:09992,Hong Kong,Pop Mart Intl,31.300000190734863
2024-03-11T00:00,SEHK:09992,Hong Kong,Pop Mart Intl,21.88750076293945
2024-03-18T00:00,SEHK:09992,Hong Kong,Pop Mart Intl,23.36250019073486
2024-08-13T00:00,SEHK:09992,Hong Kong,Pop Mart Intl,39.687500953674316
2024-05-08T00:00,SEHK:09992,Hong Kong,Pop Mart Intl,36.59999942779541
2024-03-19T00:00,SEHK:09992,Hong Kong,Pop Mart Intl,23.15000009536743
2024-05-21T00:00,SEHK:09992,Hong Kong,Pop Mart Intl,36.21249961853027
2024-06-18T00:00,SEHK:09992,Hong Kong,Pop Mart Intl,39.67500019073486
2024-02-26T00:00,SEHK:09992,Hong Kong,Pop Mart Intl,19.865000247955322
2024-12-11T00:00,SEHK:09992,Hong Kong,Pop Mart Intl,92.12499809265137
2024-04-03T00:00,SEHK:09992,Hong Kong,Pop Mart Intl,29.7625002861023
2024-07-02T00:00,SEHK:09992,Hong Kong,Pop Mart Intl,37.36250019073486
2024-05-16T00:00,SEHK:09992,Hong Kong,Pop Mart Intl,37.52500057220459
2024-11-29T00:00,SEHK:09992,Hong Kong,Pop Mart Intl,89.66250038146973
2024-07-10T00:00,SEHK:09992,Hong Kong,Pop Mart Intl,36.76249980926514
2024-01-17T00:00,SEHK:09992,Hong Kong,Pop Mart Intl,19.625
2024-04-05T00:00,SEHK:09992,Hong Kong,Pop Mart Intl,29.4375
2024-07-05T00:00,SEHK:09992,Hong Kong,Pop Mart Intl,35.57499980926514
2024-07-08T00:00,SEHK:09992,Hong Kong,Pop Mart Intl,35.38749980926514
2024-03-15T00:00,SEHK:09992,Hong Kong,Pop Mart Intl,23.387499809265137
2024-06-27T00:00,SEHK:09992,Hong Kong,Pop Mart Intl,37.125
2024-05-23T00:00,SEHK:09992,Hong Kong,Pop Mart Intl,34.88749980926514
2024-06-11T00:00,SEHK:09992,Hong Kong,Pop Mart Intl,37.97500038146973
2024-05-31T00:00,SEHK:09992,Hong Kong,Pop Mart Intl,37.46249961853027
2024-04-24T00:00,SEHK:09992,Hong Kong,Pop Mart Intl,34.16250038146973
2024-03-08T00:00,SEHK:09992,Hong Kong,Pop Mart Intl,21.487499713897705
2024-11-08T00:00,SEHK:09992,Hong Kong,Pop Mart Intl,71.67500114440918
2024-06-07T00:00,SEHK:09992,Hong Kong,Pop Mart Intl,38.52499961853027
2024-10-29T00:00,SEHK:09992,Hong Kong,Pop Mart Intl,70.62499809265137
2024-03-25T00:00,SEHK:09992,Hong Kong,Pop Mart Intl,27.550000190734863
2024-09-26T00:00,SEHK:09992,Hong Kong,Pop Mart Intl,49.41249942779541
2024-06-24T00:00,SEHK:09992,Hong Kong,Pop Mart Intl,37.66250038146973
2024-05-17T00:00,SEHK:09992,Hong Kong,Pop Mart Intl,36.78750038146973
2024-06-13T00:00,SEHK:09992,Hong Kong,Pop Mart Intl,38.86249923706055
2024-07-18T00:00,SEHK:09992,Hong Kong,Pop Mart Intl,37.39999961853027
2024-11-12T00:00,SEHK:09992,Hong Kong,Pop Mart Intl,72.51249885559082
2024-07-17T00:00,SEHK:09992,Hong Kong,Pop Mart Intl,37.40000057220459
2024-01-16T00:00,SEHK:09992,Hong Kong,Pop Mart Intl,20.067500114440918
2024-12-18T00:00,SEHK:09992,Hong Kong,Pop Mart Intl,94.51249885559082
2024-06-17T00:00,SEHK:09992,Hong Kong,Pop Mart Intl,39.48750019073486
2024-05-13T00:00,SEHK:09992,Hong Kong,Pop Mart Intl,35.77499961853027
2024-06-06T00:00,SEHK:09992,Hong Kong,Pop Mart Intl,38.562500953674316
2024-11-21T00:00,SEHK:09992,Hong Kong,Pop Mart Intl,78.44999885559082
2024-04-02T00:00,SEHK:09992,Hong Kong,Pop Mart Intl,29.575000286102295
2024-08-08T00:00,SEHK:09992,Hong Kong,Pop Mart Intl,39.73750019073486
2024-07-15T00:00,SEHK:09992,Hong Kong,Pop Mart Intl,38.67500019073486
2024-07-30T00:00,SEHK:09992,Hong Kong,Pop Mart Intl,39.05000019073486
2024-12-27T00:00,SEHK:09992,Hong Kong,Pop Mart Intl,85.53750038146973
2024-12-05T00:00,SEHK:09992,Hong Kong,Pop Mart Intl,90.45000076293945
2024-12-13T00:00,SEHK:09992,Hong Kong,Pop Mart Intl,93.51249885559082
2024-02-22T00:00,SEHK:09992,Hong Kong,Pop Mart Intl,19.080000400543213
2024-12-10T00:00,SEHK:09992,Hong Kong,Pop Mart Intl,93.64999961853027
2024-10-03T00:00,SEHK:09992,Hong Kong,Pop Mart Intl,54.96250057220459
2024-01-23T00:00,SEHK:09992,Hong Kong,Pop Mart Intl,17.730000495910645
2024-11-07T00:00,SEHK:09992,Hong Kong,Pop Mart Intl,69.33749961853027
2024-07-31T00:00,SEHK:09992,Hong Kong,Pop Mart Intl,40.32499980926514
2024-10-23T00:00,SEHK:09992,Hong Kong,Pop Mart Intl,73.7249984741211
2024-04-09T00:00,SEHK:09992,Hong Kong,Pop Mart Intl,29.40000009536743
2024-02-19T00:00,SEHK:09992,Hong Kong,Pop Mart Intl,18.79000043869019
2024-10-17T00:00,SEHK:09992,Hong Kong,Pop Mart Intl,60.25
2024-01-05T00:00,SEHK:09992,Hong Kong,Pop Mart Intl,19.075000286102295
2024-03-21T00:00,SEHK:09992,Hong Kong,Pop Mart Intl,27.21250009536743
2024-05-29T00:00,SEHK:09992,Hong Kong,Pop Mart Intl,36.04999923706055
2024-05-09T00:00,SEHK:09992,Hong Kong,Pop Mart Intl,35.83749961853027
2024-04-15T00:00,SEHK:09992,Hong Kong,Pop Mart Intl,30.91249990463257
2024-11-05T00:00,SEHK:09992,Hong Kong,Pop Mart Intl,70.7750015258789
2024-10-25T00:00,SEHK:09992,Hong Kong,Pop Mart Intl,70.7874984741211
2024-11-28T00:00,SEHK:09992,Hong Kong,Pop Mart Intl,90.14999961853027
2024-09-02T00:00,SEHK:09992,Hong Kong,Pop Mart Intl,46.28750038146973
2024-12-09T00:00,SEHK:09992,Hong Kong,Pop Mart Intl,93.57499885559082
2024-01-12T00:00,SEHK:09992,Hong Kong,Pop Mart Intl,19.89750051498413
2024-02-09T00:00,SEHK:09992,Hong Kong,Pop Mart Intl,17.669999599456787
2024-06-12T00:00,SEHK:09992,Hong Kong,Pop Mart Intl,38.11249923706055
2024-12-16T00:00,SEHK:09992,Hong Kong,Pop Mart Intl,94.14999961853027
2024-11-26T00:00,SEHK:09992,Hong Kong,Pop Mart Intl,86.10000038146973
2024-09-11T00:00,SEHK:09992,Hong Kong,Pop Mart Intl,47.687500953674316
2024-07-09T00:00,SEHK:09992,Hong Kong,Pop Mart Intl,35.98750019073486
2024-05-24T00:00,SEHK:09992,Hong Kong,Pop Mart Intl,34.3125
2024-08-20T00:00,SEHK:09992,Hong Kong,Pop Mart Intl,42.09999942779541
2024-04-11T00:00,SEHK:09992,Hong Kong,Pop Mart Intl,29.337499618530273
2024-07-16T00:00,SEHK:09992,Hong Kong,Pop Mart Intl,37.72500038146973
2024-10-21T00:00,SEHK:09992,Hong Kong,Pop Mart Intl,63.35000038146973
2024-04-26T00:00,SEHK:09992,Hong Kong,Pop Mart Intl,33.96250057220459
2024-08-23T00:00,SEHK:09992,Hong Kong,Pop Mart Intl,47.5625
2024-03-28T00:00,SEHK:09992,Hong Kong,Pop Mart Intl,28.58750009536743
2024-10-30T00:00,SEHK:09992,Hong Kong,Pop Mart Intl,72.32499885559082
2024-09-27T00:00,SEHK:09992,Hong Kong,Pop Mart Intl,51.98749923706055
2024-09-09T00:00,SEHK:09992,Hong Kong,Pop Mart Intl,47.98750019073486
2024-11-11T00:00,SEHK:09992,Hong Kong,Pop Mart Intl,73.14999961853027
2024-05-06T00:00,SEHK:09992,Hong Kong,Pop Mart Intl,35.21250057220459
2024-02-06T00:00,SEHK:09992,Hong Kong,Pop Mart Intl,17.824999809265137
2024-08-06T00:00,SEHK:09992,Hong Kong,Pop Mart Intl,37.72500038146973
2024-10-07T00:00,SEHK:09992,Hong Kong,Pop Mart Intl,55.36250019073486
2024-10-22T00:00,SEHK:09992,Hong Kong,Pop Mart Intl,62.76250076293945
2024-12-02T00:00,SEHK:09992,Hong Kong,Pop Mart Intl,91.63749885559082
2024-09-12T00:00,SEHK:09992,Hong Kong,Pop Mart Intl,48.58750057220459
2024-04-08T00:00,SEHK:09992,Hong Kong,Pop Mart Intl,29.449999809265137
2024-03-12T00:00,SEHK:09992,Hong Kong,Pop Mart Intl,22.937500476837158
2024-08-19T00:00,SEHK:09992,Hong Kong,Pop Mart Intl,40.73749923706055
2024-06-05T00:00,SEHK:09992,Hong Kong,Pop Mart Intl,38.45000076293946
2024-11-22T00:00,SEHK:09992,Hong Kong,Pop Mart Intl,82.88749885559082
2024-11-27T00:00,SEHK:09992,Hong Kong,Pop Mart Intl,88.17499923706055
2024-03-01T00:00,SEHK:09992,Hong Kong,Pop Mart Intl,20.447499752044678
2024-05-07T00:00,SEHK:09992,Hong Kong,Pop Mart Intl,36.33749961853027
2024-12-24T00:00,SEHK:09992,Hong Kong,Pop Mart Intl,86.8499984741211
2024-12-06T00:00,SEHK:09992,Hong Kong,Pop Mart Intl,91.08749961853027
2024-05-28T00:00,SEHK:09992,Hong Kong,Pop Mart Intl,36.17500019073486
2024-06-21T00:00,SEHK:09992,Hong Kong,Pop Mart Intl,38.90000057220459
2024-09-10T00:00,SEHK:09992,Hong Kong,Pop Mart Intl,47.29999923706055
2024-02-16T00:00,SEHK:09992,Hong Kong,Pop Mart Intl,18.740000247955322
2024-07-23T00:00,SEHK:09992,Hong Kong,Pop Mart Intl,40.32499980926514
2024-04-17T00:00,SEHK:09992,Hong Kong,Pop Mart Intl,30.462499618530273
2024-02-27T00:00,SEHK:09992,Hong Kong,Pop Mart Intl,19.72249984741211
2024-10-02T00:00,SEHK:09992,Hong Kong,Pop Mart Intl,56.82499980926514
2024-05-22T00:00,SEHK:09992,Hong Kong,Pop Mart Intl,35.21249961853027
2024-08-01T00:00,SEHK:09992,Hong Kong,Pop Mart Intl,40.80000019073486
2024-12-31T00:00,SEHK:09992,Hong Kong,Pop Mart Intl,87.79999923706055
2024-10-08T00:00,SEHK:09992,Hong Kong,Pop Mart Intl,55.23750019073486
2024-01-25T00:00,SEHK:09992,Hong Kong,Pop Mart Intl,18.830000400543213
2024-12-20T00:00,SEHK:09992,Hong Kong,Pop Mart Intl,94.87499809265137
2024-05-02T00:00,SEHK:09992,Hong Kong,Pop Mart Intl,34.07499980926514
2024-05-14T00:00,SEHK:09992,Hong Kong,Pop Mart Intl,37.16250038146973
2024-09-20T00:00,SEHK:09992,Hong Kong,Pop Mart Intl,49.48750019073486
2024-06-04T00:00,SEHK:09992,Hong Kong,Pop Mart Intl,39.10000038146973
2024-11-04T00:00,SEHK:09992,Hong Kong,Pop Mart Intl,72.03750038146973
2024-09-05T00:00,SEHK:09992,Hong Kong,Pop Mart Intl,47.64999961853027
2024-11-13T00:00,SEHK:09992,Hong Kong,Pop Mart Intl,70.87500190734863
2024-09-03T00:00,SEHK:09992,Hong Kong,Pop Mart Intl,46.98750019073486
2024-08-29T00:00,SEHK:09992,Hong Kong,Pop Mart Intl,45.51249980926514
2024-02-29T00:00,SEHK:09992,Hong Kong,Pop Mart Intl,19.40500020980835
2024-09-30T00:00,SEHK:09992,Hong Kong,Pop Mart Intl,52.51249980926514
2024-12-19T00:00,SEHK:09992,Hong Kong,Pop Mart Intl,94.2874984741211
2024-02-28T00:00,SEHK:09992,Hong Kong,Pop Mart Intl,19.58750009536743
2024-11-19T00:00,SEHK:09992,Hong Kong,Pop Mart Intl,75.25000190734863
2024-07-19T00:00,SEHK:09992,Hong Kong,Pop Mart Intl,41.58749961853027
2024-06-26T00:00,SEHK:09992,Hong Kong,Pop Mart Intl,36.98750114440918
2024-08-28T00:00,SEHK:09992,Hong Kong,Pop Mart Intl,46.17500114440918
2024-09-23T00:00,SEHK:09992,Hong Kong,Pop Mart Intl,49.21249961853027
2024-09-17T00:00,SEHK:09992,Hong Kong,Pop Mart Intl,49.19999980926514
2024-07-24T00:00,SEHK:09992,Hong Kong,Pop Mart Intl,40.13749885559082
2024-01-19T00:00,SEHK:09992,Hong Kong,Pop Mart Intl,18.94499969482422
2024-10-16T00:00,SEHK:09992,Hong Kong,Pop Mart Intl,58.66249942779541
2024-03-13T00:00,SEHK:09992,Hong Kong,Pop Mart Intl,23.5
2024-06-03T00:00,SEHK:09992,Hong Kong,Pop Mart Intl,38.19999980926514
2024-01-18T00:00,SEHK:09992,Hong Kong,Pop Mart Intl,19.059999942779537
2024-10-31T00:00,SEHK:09992,Hong Kong,Pop Mart Intl,71.25
2024-09-25T00:00,SEHK:09992,Hong Kong,Pop Mart Intl,47.92500019073486
2024-01-26T00:00,SEHK:09992,Hong Kong,Pop Mart Intl,18.829999923706055
2024-04-23T00:00,SEHK:09992,Hong Kong,Pop Mart Intl,34.1875
2024-04-22T00:00,SEHK:09992,Hong Kong,Pop Mart Intl,32.61250019073486
2024-03-14T00:00,SEHK:09992,Hong Kong,Pop Mart Intl,23.499999523162842
2024-03-07T00:00,SEHK:09992,Hong Kong,Pop Mart Intl,21.68749952316284
2024-02-23T00:00,SEHK:09992,Hong Kong,Pop Mart Intl,19.605000019073486
2024-08-09T00:00,SEHK:09992,Hong Kong,Pop Mart Intl,40.15000057220459
2024-05-20T00:00,SEHK:09992,Hong Kong,Pop Mart Intl,36.29999923706055
2024-09-04T00:00,SEHK:09992,Hong Kong,Pop Mart Intl,46.5625
2024-03-04T00:00,SEHK:09992,Hong Kong,Pop Mart Intl,21.52500009536743
2024-04-16T00:00,SEHK:09992,Hong Kong,Pop Mart Intl,30.59999990463257
2024-10-24T00:00,SEHK:09992,Hong Kong,Pop Mart Intl,75.72500038146973
2024-06-19T00:00,SEHK:09992,Hong Kong,Pop Mart Intl,39.84999942779541
2024-08-21T00:00,SEHK:09992,Hong Kong,Pop Mart Intl,43.47499942779541
2024-07-04T00:00,SEHK:09992,Hong Kong,Pop Mart Intl,35.76249980926514
2024-02-01T00:00,SEHK:09992,Hong Kong,Pop Mart Intl,17.795000076293945
2024-02-14T00:00,SEHK:09992,Hong Kong,Pop Mart Intl,17.850000381469727
2024-08-30T00:00,SEHK:09992,Hong Kong,Pop Mart Intl,45.78749942779541
2024-11-15T00:00,SEHK:09992,Hong Kong,Pop Mart Intl,73.97500038146973
2024-01-30T00:00,SEHK:09992,Hong Kong,Pop Mart Intl,18.360000610351562
2024-07-11T00:00,SEHK:09992,Hong Kong,Pop Mart Intl,37.3125
2024-12-30T00:00,SEHK:09992,Hong Kong,Pop Mart Intl,86.1624984741211
2024-12-04T00:00,SEHK:09992,Hong Kong,Pop Mart Intl,91.23749923706055
2024-10-18T00:00,SEHK:09992,Hong Kong,Pop Mart Intl,62.26249980926514
2024-11-14T00:00,SEHK:09992,Hong Kong,Pop Mart Intl,71.125
2024-03-22T00:00,SEHK:09992,Hong Kong,Pop Mart Intl,27.66249990463257
2024-10-09T00:00,SEHK:09992,Hong Kong,Pop Mart Intl,55.80000114440918
2024-03-26T00:00,SEHK:09992,Hong Kong,Pop Mart Intl,28.212499618530273
2024-01-03T00:00,SEHK:09992,Hong Kong,Pop Mart Intl,19.640000343322754
2024-01-11T00:00,SEHK:09992,Hong Kong,Pop Mart Intl,19.90250015258789
2024-09-13T00:00,SEHK:09992,Hong Kong,Pop Mart Intl,48.85000038146973
2024-07-22T00:00,SEHK:09992,Hong Kong,Pop Mart Intl,40.65000057220459
2024-08-02T00:00,SEHK:09992,Hong Kong,Pop Mart Intl,39.36250019073486
2024-02-21T00:00,SEHK:09992,Hong Kong,Pop Mart Intl,18.804999828338623
2024-07-25T00:00,SEHK:09992,Hong Kong,Pop Mart Intl,38.73750019073486
2024-08-22T00:00,SEHK:09992,Hong Kong,Pop Mart Intl,47.08749961853027
2024-01-09T00:00,SEHK:09992,Hong Kong,Pop Mart Intl,18.820000171661377
2024-12-03T00:00,SEHK:09992,Hong Kong,Pop Mart Intl,92.4375
2024-04-19T00:00,SEHK:09992,Hong Kong,Pop Mart Intl,31.65000009536743
2024-03-06T00:00,SEHK:09992,Hong Kong,Pop Mart Intl,21.17500066757202
2024-09-16T00:00,SEHK:09992,Hong Kong,Pop Mart Intl,48.687500953674316
2024-10-10T00:00,SEHK:09992,Hong Kong,Pop Mart Intl,58.6875
2024-01-24T00:00,SEHK:09992,Hong Kong,Pop Mart Intl,18.535000324249268
2024-03-27T00:00,SEHK:09992,Hong Kong,Pop Mart Intl,28.162500381469727
2024-08-15T00:00,SEHK:09992,Hong Kong,Pop Mart Intl,38.72500038146973
2024-11-06T00:00,SEHK:09992,Hong Kong,Pop Mart Intl,70.03750038146973
2024-02-20T00:00,SEHK:09992,Hong Kong,Pop Mart Intl,18.714999675750732
2024-11-18T00:00,SEHK:09992,Hong Kong,Pop Mart Intl,75.1500015258789
2024-01-15T00:00,SEHK:09992,Hong Kong,Pop Mart Intl,20.045000076293945
2024-10-04T00:00,SEHK:09992,Hong Kong,Pop Mart Intl,55.16250038146973
2024-06-28T00:00,SEHK:09992,Hong Kong,Pop Mart Intl,37.30000019073486
2024-05-27T00:00,SEHK:09992,Hong Kong,Pop Mart Intl,35.57500076293945
2024-10-14T00:00,SEHK:09992,Hong Kong,Pop Mart Intl,59.11250019073486
2024-05-03T00:00,SEHK:09992,Hong Kong,Pop Mart Intl,34.78749942779541
2024-09-24T00:00,SEHK:09992,Hong Kong,Pop Mart Intl,48.28749942779541
2024-02-15T00:00,SEHK:09992,Hong Kong,Pop Mart Intl,18.18499994277954
2024-04-30T00:00,SEHK:09992,Hong Kong,Pop Mart Intl,33.73750019073486
2024-10-28T00:00,SEHK:09992,Hong Kong,Pop Mart Intl,69.21249961853027
2024-01-31T00:00,SEHK:09992,Hong Kong,Pop Mart Intl,17.784999847412106
2024-06-25T00:00,SEHK:09992,Hong Kong,Pop Mart Intl,37.72500038146973
2024-08-27T00:00,SEHK:09992,Hong Kong,Pop Mart Intl,46.16250038146973
2024-11-20T00:00,SEHK:09992,Hong Kong,Pop Mart Intl,76.39999961853027
2024-05-30T00:00,SEHK:09992,Hong Kong,Pop Mart Intl,36.83749961853027
2024-07-29T00:00,SEHK:09992,Hong Kong,Pop Mart Intl,38.92499923706055
2024-10-15T00:00,SEHK:09992,Hong Kong,Pop Mart Intl,59.76249980926514
2024-02-08T00:00,SEHK:09992,Hong Kong,Pop Mart Intl,18.045000076293945
2024-07-26T00:00,SEHK:09992,Hong Kong,Pop Mart Intl,38.22500038146973
2024-03-20T00:00,SEHK:09992,Hong Kong,Pop Mart Intl,23.84999990463257
2024-08-26T00:00,SEHK:09992,Hong Kong,Pop Mart Intl,47.187499046325684
2024-01-02T00:00,SEHK:09992,Hong Kong,Pop Mart Intl,20.080000400543213
2024-02-07T00:00,SEHK:09992,Hong Kong,Pop Mart Intl,18.264999866485596
2024-07-12T00:00,SEHK:09992,Hong Kong,Pop Mart Intl,38.22499942779541
2024-12-12T00:00,SEHK:09992,Hong Kong,Pop Mart Intl,92.79999732971191
2024-01-10T00:00,SEHK:09992,Hong Kong,Pop Mart Intl,19.40499973297119
2024-12-17T00:00,SEHK:09992,Hong Kong,Pop Mart Intl,94.85000038146973
2024-01-29T00:00,SEHK:09992,Hong Kong,Pop Mart Intl,18.820000171661377
2024-08-07T00:00,SEHK:09992,Hong Kong,Pop Mart Intl,39.02499961853027
2024-04-29T00:00,SEHK:09992,Hong Kong,Pop Mart Intl,33.91249942779541
2024-06-20T00:00,SEHK:09992,Hong Kong,Pop Mart Intl,39.96249961853027
2024-04-10T00:00,SEHK:09992,Hong Kong,Pop Mart Intl,29.125000476837158
2024-08-05T00:00,SEHK:09992,Hong Kong,Pop Mart Intl,37.66249942779541
2024-02-05T00:00,SEHK:09992,Hong Kong,Pop Mart Intl,17.204999923706055
2024-08-12T00:00,SEHK:09992,Hong Kong,Pop Mart Intl,39.83750057220459
2024-09-19T00:00,SEHK:09992,Hong Kong,Pop Mart Intl,48.52500057220459
2024-03-05T00:00,SEHK:09992,Hong Kong,Pop Mart Intl,21.16249990463257
2024-11-25T00:00,SEHK:09992,Hong Kong,Pop Mart Intl,86.08749961853027
2024-08-14T00:00,SEHK:09992,Hong Kong,Pop Mart Intl,39.78750038146973
2024-01-04T00:00,SEHK:09992,Hong Kong,Pop Mart Intl,19.56500005722046
2024-05-10T00:00,SEHK:09992,Hong Kong,Pop Mart Intl,35.77500057220459
2024-01-08T00:00,SEHK:09992,Hong Kong,Pop Mart Intl,18.81999969482422
2025-05-02T00:00,SEHK:09992,Hong Kong,Pop Mart Intl,193.9000015258789
2025-03-24T00:00,SEHK:09992,Hong Kong,Pop Mart Intl,134.45000076293945
2025-02-19T00:00,SEHK:09992,Hong Kong,Pop Mart Intl,110.52499961853027
2025-03-13T00:00,SEHK:09992,Hong Kong,Pop Mart Intl,118.95000076293945
2025-04-16T00:00,SEHK:09992,Hong Kong,Pop Mart Intl,159.5749969482422
2025-02-18T00:00,SEHK:09992,Hong Kong,Pop Mart Intl,111.20000076293945
2025-03-28T00:00,SEHK:09992,Hong Kong,Pop Mart Intl,152.29999923706055
2025-03-11T00:00,SEHK:09992,Hong Kong,Pop Mart Intl,113.9749984741211
2025-04-17T00:00,SEHK:09992,Hong Kong,Pop Mart Intl,161.39999771118164
2025-03-18T00:00,SEHK:09992,Hong Kong,Pop Mart Intl,133.2249984741211
2025-04-23T00:00,SEHK:09992,Hong Kong,Pop Mart Intl,180.5250015258789
2025-01-06T00:00,SEHK:09992,Hong Kong,Pop Mart Intl,91.4375
2025-03-25T00:00,SEHK:09992,Hong Kong,Pop Mart Intl,129.82500076293945
2025-02-04T00:00,SEHK:09992,Hong Kong,Pop Mart Intl,97.625
2025-04-29T00:00,SEHK:09992,Hong Kong,Pop Mart Intl,195.8499984741211
2025-01-24T00:00,SEHK:09992,Hong Kong,Pop Mart Intl,90.37499809265137
2025-01-16T00:00,SEHK:09992,Hong Kong,Pop Mart Intl,83.12500190734863
2025-03-10T00:00,SEHK:09992,Hong Kong,Pop Mart Intl,113.625
2025-01-02T00:00,SEHK:09992,Hong Kong,Pop Mart Intl,90.75000190734863
2025-03-31T00:00,SEHK:09992,Hong Kong,Pop Mart Intl,153.6500015258789
2025-01-10T00:00,SEHK:09992,Hong Kong,Pop Mart Intl,85.625
2025-04-25T00:00,SEHK:09992,Hong Kong,Pop Mart Intl,177.20000076293945
2025-02-25T00:00,SEHK:09992,Hong Kong,Pop Mart Intl,107.99999809265137
2025-03-12T00:00,SEHK:09992,Hong Kong,Pop Mart Intl,118.9749984741211
2025-03-20T00:00,SEHK:09992,Hong Kong,Pop Mart Intl,135.2750015258789
2025-01-09T00:00,SEHK:09992,Hong Kong,Pop Mart Intl,86.1500015258789
2025-04-30T00:00,SEHK:09992,Hong Kong,Pop Mart Intl,195.27499771118164
2025-01-23T00:00,SEHK:09992,Hong Kong,Pop Mart Intl,91.4124984741211
2025-03-03T00:00,SEHK:09992,Hong Kong,Pop Mart Intl,107.20000076293945
2025-03-07T00:00,SEHK:09992,Hong Kong,Pop Mart Intl,116.67499923706055
2025-01-28T00:00,SEHK:09992,Hong Kong,Pop Mart Intl,93.45000076293945
2025-02-28T00:00,SEHK:09992,Hong Kong,Pop Mart Intl,106.04999923706055
2025-02-20T00:00,SEHK:09992,Hong Kong,Pop Mart Intl,107.54999923706055
2025-04-15T00:00,SEHK:09992,Hong Kong,Pop Mart Intl,163.2750015258789
2025-03-19T00:00,SEHK:09992,Hong Kong,Pop Mart Intl,134.6500015258789
2025-03-17T00:00,SEHK:09992,Hong Kong,Pop Mart Intl,129.00000190734863
2025-04-09T00:00,SEHK:09992,Hong Kong,Pop Mart Intl,130.5500030517578
2025-03-14T00:00,SEHK:09992,Hong Kong,Pop Mart Intl,121.04999923706055
2025-02-05T00:00,SEHK:09992,Hong Kong,Pop Mart Intl,100.86250114440918
2025-04-28T00:00,SEHK:09992,Hong Kong,Pop Mart Intl,184.75
2025-01-13T00:00,SEHK:09992,Hong Kong,Pop Mart Intl,84.47500038146973
2025-02-12T00:00,SEHK:09992,Hong Kong,Pop Mart Intl,104.97500038146973
2025-04-01T00:00,SEHK:09992,Hong Kong,Pop Mart Intl,161.0250015258789
2025-02-21T00:00,SEHK:09992,Hong Kong,Pop Mart Intl,106.89999961853027
2025-02-06T00:00,SEHK:09992,Hong Kong,Pop Mart Intl,100.54999923706055
2025-01-21T00:00,SEHK:09992,Hong Kong,Pop Mart Intl,90.5
2025-04-02T00:00,SEHK:09992,Hong Kong,Pop Mart Intl,163.39999771118164
2025-01-27T00:00,SEHK:09992,Hong Kong,Pop Mart Intl,92.7874984741211
2025-02-26T00:00,SEHK:09992,Hong Kong,Pop Mart Intl,110.75
2025-01-03T00:00,SEHK:09992,Hong Kong,Pop Mart Intl,93.13750076293945
2025-02-03T00:00,SEHK:09992,Hong Kong,Pop Mart Intl,92.97500038146973
2025-04-11T00:00,SEHK:09992,Hong Kong,Pop Mart Intl,146.4000015258789
2025-02-07T00:00,SEHK:09992,Hong Kong,Pop Mart Intl,100.76250076293945
2025-02-17T00:00,SEHK:09992,Hong Kong,Pop Mart Intl,109.75
2025-03-06T00:00,SEHK:09992,Hong Kong,Pop Mart Intl,117.44999885559082
2025-04-10T00:00,SEHK:09992,Hong Kong,Pop Mart Intl,145.6750030517578
2025-01-07T00:00,SEHK:09992,Hong Kong,Pop Mart Intl,88.18750190734863
2025-01-20T00:00,SEHK:09992,Hong Kong,Pop Mart Intl,88.0625
2025-03-05T00:00,SEHK:09992,Hong Kong,Pop Mart Intl,112.79999923706055
2025-03-26T00:00,SEHK:09992,Hong Kong,Pop Mart Intl,136.04999923706055
2025-04-14T00:00,SEHK:09992,Hong Kong,Pop Mart Intl,156.6500015258789
2025-02-14T00:00,SEHK:09992,Hong Kong,Pop Mart Intl,108.57500267028809
2025-01-08T00:00,SEHK:09992,Hong Kong,Pop Mart Intl,85.91250038146973
2025-02-13T00:00,SEHK:09992,Hong Kong,Pop Mart Intl,104.42500114440918
2025-01-22T00:00,SEHK:09992,Hong Kong,Pop Mart Intl,93.35000228881836
2025-03-04T00:00,SEHK:09992,Hong Kong,Pop Mart Intl,107.64999961853027
2025-02-11T00:00,SEHK:09992,Hong Kong,Pop Mart Intl,104.95000076293945
2025-03-21T00:00,SEHK:09992,Hong Kong,Pop Mart Intl,134.875
2025-04-08T00:00,SEHK:09992,Hong Kong,Pop Mart Intl,133.22500228881836
2025-01-17T00:00,SEHK:09992,Hong Kong,Pop Mart Intl,86.2874984741211
2025-04-03T00:00,SEHK:09992,Hong Kong,Pop Mart Intl,161.07500076293945
2025-03-27T00:00,SEHK:09992,Hong Kong,Pop Mart Intl,151.70000076293945
2025-04-07T00:00,SEHK:09992,Hong Kong,Pop Mart Intl,133.60000228881836
2025-02-27T00:00,SEHK:09992,Hong Kong,Pop Mart Intl,108.375
2025-02-10T00:00,SEHK:09992,Hong Kong,Pop Mart Intl,102.32500076293945
2025-01-15T00:00,SEHK:09992,Hong Kong,Pop Mart Intl,82.36250114440918
2025-02-24T00:00,SEHK:09992,Hong Kong,Pop Mart Intl,106.9749984741211
2025-04-22T00:00,SEHK:09992,Hong Kong,Pop Mart Intl,170.24999618530273
2025-01-14T00:00,SEHK:09992,Hong Kong,Pop Mart Intl,83.37500190734863
2025-04-24T00:00,SEHK:09992,Hong Kong,Pop Mart Intl,180.5